name,ra_deg,dec_deg
IC3104,184.69192,-79.72606999999999
NGC2915,141.54805000000002,-76.62631944444443
SMC,13.158333333333331,-72.80027777777778
LMC,80.89416666666666,-69.75611111111111
ESO059-001,112.82584,-68.18799
IC4710,277.1582041666666,-66.98227777777778
IC4870,294.40666471417,-65.81185263349
NGC6684,282.24114951374,-65.17342342328
ESO104-022,283.9216666666667,-64.81083333333333
IC4662,266.78830000000005,-64.63868055555557
ESO104-044,287.8437,-64.2226
HIPASS J1441-62,220.40416666666667,-62.74388888888889
IC4951,302.38238,-61.85047
ESO115-021,39.4565125,-61.33160277777778
ESO121-020,93.9758,-57.72546
NGC1705,73.55610895561,-53.36096433123
ESO174-001,203.33203915152,-53.35468862545
ESO149-003,358.00895,-52.57607000000001
NGC1311,50.02894166666667,-52.18548888888889
IC5152,330.6730041666667,-51.29644444444445
IC1959,53.3024,-50.414202777777774
ESO199-007,44.5174,-49.38304999999999
ESO238-005,335.6269639,-48.4063724
ESO223-009,225.28613,-48.29046
ESO215-009,164.37458,-48.17861
RKK1610,146.35344,-48.14145
ESO269-058,197.6366864,-46.9938185
AM2220-460,335.9282083333334,-45.88344444444444
ESO272-025,220.85635,-44.70525000000001
ESO245-005,26.265570000000004,-43.59804
NGC5237,204.4127333333333,-42.84691666666667
HIPASS J0457-42,74.24291666666667,-42.80083333333333
ESO325-011,206.2543868,-41.8627758
ESO324-024,201.9067156,-41.4789245
NGC0625,23.7693,-41.4362
NGC5408,210.8371125,-41.37770833333333
ESO300-016,47.54368,-40.00292
ESO320-014,174.47182,-39.22034
ESO318-013,161.92333,-38.85367
ESO348-009,357.3479102,-37.7737599
ESO347-017,351.73421,-37.34692
ESO383-087,207.32296237969,-36.0635723551
HIPASS J0905-36,136.5,-36.06
HIPASS J0607-34,91.8321,-34.20448611111112
NGC2188,92.5412225,-34.1039355
ESO381-020,191.50279,-33.836940000000006
ESO373-007,143.1912723,-33.2474473
ESO364-029,91.43333333333334,-33.083333333333336
NGC5398,210.3398125,-33.06378333333333
UGCA442,355.9397875,-31.956769444444447
NGC1800,76.6072375,-31.954225000000005
NGC5253,204.98329166666667,-31.64003055555556
NGC5264,205.4028458333333,-29.913125
HIZSS021,116.525,-28.42666666666667
CGMW2-3473,126.301634,-28.1421808
ESO409-015,1.38273,-28.098180000000003
ESO444-084,204.33329,-28.045
NGC1592,67.42018189928,-27.40870673349
MCG -04-31-038,197.4025,-27.14075
NGC3037,147.85002112499998,-27.011135000000003
ESO499-038,150.95896,-26.612749999999995
ESO496-010,132.27512916666666,-26.321761111111105
NGC3109,150.77865416666668,-26.159572222222227
ESO490-017,99.48788000000002,-26.00086
ESO486-021,75.83203,-25.42293
ESO501-023,158.84667,-24.75414
ESO497-004,135.76319,-23.808540000000004
ESO495-008,125.25505959999998,-23.7801314
ESO483-013,63.17132916666668,-23.15888611111111
DDO056,137.44393,-23.00917
ESO473-024,7.843790000000001,-22.76596
ESO558-011,106.73666666666664,-22.04055555555556
NGC0059,3.854691666666666,-21.44435555555556
PGC170257,202.3375228256,-21.17919775394
ESO553-046,81.77378567922,-20.678064392260005
HIZSS014,114.0944372,-19.4941435
ESO572-034,179.74214166666667,-19.02990833333334
IC2171,101.1154,-17.93241388888889
UGCA319,195.55994,-17.23754
MCG -03-34-002,196.9860708333333,-16.689097222222227
NGC6822,296.2341625,-14.79758055555556
DDO153,193.4856614,-12.1054041
NGC4700,192.28395,-11.40985555555556
MCG-02-33-075,194.6177833333333,-10.57699722222222
MCG -01-26-009,150.39013,-6.525110000000001
DDO148,192.181558,-5.252667
UGC06145,166.394599,-1.864294
KDG155,188.283101,-0.5330460000000001
CGCG 014-054,187.76583,1.67611
UGC05797,159.854971,1.719189
UGC07512,186.420312,2.159267
NGC4765,193.3108762720048,4.4631867861882
IC3591,189.261238,6.925906
AGC191803,147.024695,7.128097
UGC05288,147.821838,7.82557
LeG03,158.9535,8.48053
VCC1725,189.4230034583333,8.55859188888889
IC0559,146.182566,9.615936
UGC06014,163.427875,9.727925
UGC05456,151.8340916666667,10.361155555555555
AGC202248,158.733879,11.492359
CGCG 066-109,166.11,11.75634
UGC08061,194.182085,11.93137
IC3718,191.1916333333333,12.351452777777777
UGC05812,160.236275,12.473857
IC3583,189.1814916666666,13.259147222222222
IC2787,170.829486,13.629777
AGC205268,160.718475,13.741080555555556
DDO088,161.84333870733,14.07130480445
IC3023,182.507268,14.366871
UGC04115,119.254281,14.396571
IC3077,183.98481666666663,14.433574999999998
LSBC D634-03,137.22375,14.58286
DDO013,25.043291666666665,15.905166666666668
UGC00685,16.8459669,16.6836077
UGC01056,22.1968,16.687975
DDO047,115.48460804088,16.802069897830002
UGC02684,50.09879,17.29586
UGC02716,51.030238,17.753038
UGC01104,23.17716273209,18.317087342930005
UGC06881,178.687081,20.056461
UGC05672,157.08793749999998,22.569702777777778
NGC4455,187.18385083352,22.82042726653
UGC1561,31.020399999999995,24.2097
UGC08030,193.622065,26.304284
UGCA298,191.73083954597,26.56429866712
IC3308,186.32514899999995,26.714338000000005
AGC749236,186.427326,26.809596
DDO154,193.52186666666665,27.14963055555556
IC3341,186.597395,27.745539
NGC0855,33.51505,27.87717222222222
UGC07990,192.608221,28.352449
UGCA294,191.158929797,28.47247384388
DDO068,149.191862,28.828824
NGC0784,30.32055,28.83725833333333
UGC05427,151.170621,29.364318
KISSB023,145.053513,29.591749
DDO131,187.994039,29.709606
UGC12713,354.5614916666666,30.709233333333334
IC2992,181.3160083333333,30.85541388888889
UGC07131,182.299155,30.906816
KUG 1157+315,180.067352,31.225059
DDO064,147.594869,31.488277
DDO133,188.22708333333333,31.541666666666668
DDO083,159.1797619096,31.5472747789
NGC4509,188.2770833333333,32.09093055555556
UGC05209,146.267484,32.237786
UGC01281,27.382130000000004,32.58783
FGC1497,191.752695,32.651598
UGC03476,97.61792,33.30056
DDO025,38.32583,33.49111
LV J0926+3343,141.53937,33.71781
DDO143,191.103672,34.384259
DDO084,160.678279,34.449276
NGC4861,194.75975,34.85943888888889
UGC7257,183.7623125,35.958447222222226
DDO019,36.25092,36.03778
NGC4214,183.913225,36.32688888888889
NGC4190,183.4365208333333,36.634025
DDO126,186.773192,37.141774
DDO127,187.117018,37.234822
IC4182,196.45311596836,37.60360143269
IC3687,190.56314201313,38.50162350915
DDO022,38.225,38.68058
KKH58,151.84468,38.96963
UGC7719,188.50228966666663,39.01925144444444
UGC03600,103.91590779166668,39.09549641666667
UGC12894,0.0939583333333333,39.49541666666667
DDO182,205.635502375,39.658492555555554
UGC7678,188.00167916666663,39.831725000000006
DDO046,115.357406,40.112792
DDO024,38.42899,40.52812
And IV,10.634583333333332,40.57194444444445
UGC00064,1.93342,40.87545999999999
NGC4625,190.46963409149,41.27392104605
UGC12588,351.179729,41.347815
NGC0205,10.09190514583,41.68541867226
DDO052,127.118998,41.857535
UGC07690,188.112056,42.704121
DDO129,187.183659,43.22383
UGC02172,40.54513333333334,43.35510555555556
DDO190,216.18004,44.52828
UGC09660,225.28950416666663,44.69819722222222
UGC07320,184.36900127137,44.81125539332
UGC07827,189.91446,44.82011
NGC4460,187.1898208333333,44.864236111111104
NGC3741,174.023974,45.284155
DDO120,185.31254,45.81134
DDO168,198.616656,45.919762
NGC4248,184.45767910452,47.40919033134
DDO169,198.873972,47.499636
UGC07639,187.4725,47.53111
UGC02773,53.03050416666667,47.79405277777778
NGC5229,203.5117958333333,47.91546666666666
NGC0185,9.74141667751,48.33750996518
UGCA281,186.56539,48.49397999999999
UGC03501,99.65945833333332,49.25886111111111
UGC04932,139.89450876673,51.10811379294
NGC4707,192.090277,51.164946
UGC07267,183.848551,51.349897
UGC05047,142.206875,51.5605
UGC07950,191.7351083333333,51.61300000000001
NGC5238,203.6771445617,51.61365787936
NGC4068,181.013605,52.590569
DDO092,168.357546,53.594358
NGC5474,211.2567,53.66220833333333
HolmIV,208.69083,53.90331
KDG192,190.936721,53.958793
NGC5477,211.388824,54.460515
NGC3738,173.954091,54.523528
KKH11,36.14171,56.0113
Cepheus1,312.79417,56.89028
DDO194,218.85032,57.255901
DDO123,186.53278,58.317204
NGC5204,202.40211666666664,58.41873055555556
Dw2,43.53528,59.0053
IC0010,5.07223,59.3037911111111
MB1,38.90125,59.37847
UGC11583,307.56375,60.44028000000001
UGCA092,68.0159858,63.61423419999999
NGC1569,67.70494166666667,64.84792222222222
DDO087,162.401718,65.533631
UGC07242,183.535,66.09472
UGC09992,235.44939,67.25426
DDO165,196.60354,67.70694
NGC2976,146.81440833333332,67.91638055555556
UGC04998,141.29548024393,68.38310218096
NGC3077,150.8295689628838,68.7337656017127
Cas1,31.51428,68.99876
NGC2366,112.2185538,69.2107941
UGC05423,151.376876,70.36428480555556
HolmII,124.77006,70.71992
FG202,106.32833,-58.52028
WLM,0.49236,-15.46108
LV J1235-1104,188.91418,-11.06715
SexA,152.75208333333333,-4.691666666666667
CGCG 035-007,143.68627,6.42563
LSBC D564-08,135.7237,20.07535
KKH38,101.97867,47.51389
KKR59,315.85083,57.28722
KKH12,36.86209,57.48786
HolmIX,149.3869298,69.0474263
CamA,66.33621,72.80813
