name,bmag,ks_mag,ks_mag_flag,distance,fuv_mag,halpha_mag,log_mass_26,log_h1_mass,ha_sfr,fuv_sfr,ra_deg,dec_deg,ebv_sfd,gal_b,low_gal_lat,A_B,A_Ks,bmag_dered,ks_mag_dered,BK_obs,BK_dered,deredden_suspect,high_foreground,very_blue
IC3104,13.65,9.26,,2.27,,17.43,8.0,6.9,0.0018179827586133,,184.69192,-79.72606999999999,0.4098314344882965,-16.95073708352521,False,1.486048781454563,0.12540841895341873,12.163951218545437,9.134591581046582,4.390000000000001,3.029359637498855,False,True,False
NGC2915,13.2,9.7,,3.78,15.65,15.99,9.21,8.54,0.0189898548602895,0.0039235857404763,141.54805000000002,-76.62631944444443,0.27486756443977356,-18.357262593970948,False,0.9966697886586189,0.0841094747185707,12.203330211341381,9.61589052528143,3.5,2.587439686059952,False,False,False
SMC,2.7,0.16,C,0.06,,7.97,9.25,8.65,0.0077239694347698,,13.158333333333331,-72.80027777777778,0.42376044392585754,-44.32768789697891,False,1.5365553696751595,0.1296706958413124,1.1634446303248407,0.030329304158687592,2.54,1.133115326166153,True,True,True
LMC,0.91,-1.75,C,0.05,,3.79,9.44,8.66,0.2520449814197988,,80.89416666666666,-69.75611111111111,0.9254793524742126,-32.888401793515,False,3.355788132071495,0.28319668185710906,-2.445788132071495,-2.0331966818571092,2.66,-0.4125914502143857,True,True,True
ESO059-001,13.98,11.25,,4.57,,17.89,9.09,7.98,0.0048235906637706,,112.82584,-68.18799,0.14741264283657074,-21.475735115614135,False,0.5345182429254055,0.045108268707990645,13.445481757074594,11.20489173129201,2.7300000000000004,2.240590025782584,False,False,False
IC4710,12.51,9.56,C,7.94,14.18,15.53,8.96,8.66,0.1279908875290678,0.0670410106468282,277.1582041666666,-66.98227777777778,0.0887230932712555,-22.65052408264307,False,0.3217099362015724,0.02714926654100418,12.188290063798428,9.532850733458996,2.9499999999999993,2.6554393303394317,False,False,False
IC4870,14.5,12.11,,7.3,15.53,17.04,8.8,8.49,0.0269267393246397,0.016343507552885,294.40666471417,-65.81185263349,0.11291675269603729,-29.27134055982857,False,0.4094361452758312,0.03455252632498741,14.090563854724168,12.075447473675013,2.3900000000000006,2.0151163810491557,False,False,False
NGC6684,11.31,7.05,,8.7,,,9.47,7.41,,,282.24114951374,-65.17342342328,0.06647752970457077,-24.19292664143446,False,0.2410475227087736,0.020342124089598655,11.068952477291226,7.029657875910401,4.260000000000001,4.039294601380825,False,False,False
ESO104-022,15.63,12.95,C,6.7,17.55,,8.03,8.28,,0.0021421464240603,283.9216666666667,-64.81083333333333,0.08254756778478622,-24.81217628328943,False,0.2993174807876348,0.025259555742144585,15.330682519212367,12.924740444257855,2.6800000000000015,2.4059420749545115,False,False,False
IC4662,11.74,8.53,,2.44,13.02,13.81,8.62,8.2,0.0589274568381167,0.0184280423016836,266.78830000000005,-64.63868055555557,0.06988876312971115,-17.84896794243324,False,0.2534166551083326,0.02138596151769161,11.486583344891667,8.508614038482309,3.210000000000001,2.977969306409358,False,False,False
ESO104-044,14.96,12.46,C,8.3,17.57,20.36,8.81,8.33,0.001635664509533,0.0032274218327991,287.8437,-64.2226,0.03762000799179077,-26.374413009158896,False,0.13641014897823334,0.011511722445487977,14.823589851021767,12.448488277554512,2.5,2.375101573467255,False,False,False
HIPASS J1441-62,20.5,12.93,C,6.02,,,8.15,7.54,,,220.40416666666667,-62.74388888888889,1.3401647806167603,-2.520006457530133,True,4.8594374945163725,0.41009042286872865,15.640562505483627,12.519909577131271,7.57,3.1206529283523565,True,True,False
IC4951,13.97,10.98,C,9.8,15.55,17.48,9.47,8.75,0.0323586352883493,0.0289168977423044,302.38238,-61.85047,0.039884768426418304,-32.84475268360501,False,0.14462217031419278,0.012204739138484001,13.825377829685808,10.967795260861516,2.99,2.8575825688242915,False,False,False
ESO115-021,13.34,9.97,,4.99,14.83,16.63,9.5,8.56,0.0183543554084765,0.0145512612858236,39.4565125,-61.33160277777778,0.02574053220450878,-51.4316905988976,False,0.09333516977354883,0.007876602854579686,13.24666483022645,9.96212339714542,3.369999999999999,3.2845414330810296,False,False,False
FG202,14.95,12.13,C,4.9,,18.03,8.48,8.27,0.0048745014713197,,106.32833,-58.52028,0.11991225928068161,-21.14653141083604,False,0.4348018521517515,0.03669315133988857,14.515198147848247,12.093306848660113,2.8199999999999985,2.4218912991881343,False,False,False
ESO121-020,15.27,12.76,C,6.05,17.02,,8.08,7.94,,0.0028458388059854,93.9758,-57.72546,0.04166002944111824,-27.317674798870254,False,0.15105926675349474,0.012747969008982181,15.118940733246506,12.747252030991017,2.51,2.3716887022554882,False,False,False
NGC1705,12.77,10.52,,5.11,13.4,15.11,9.21,7.96,0.0780512469977143,0.0569562448173249,73.55610895561,-53.36096433123,0.008070682175457478,-38.743453066114455,False,0.029264293568208814,0.0024696287456899882,12.74073570643179,10.51753037125431,2.25,2.2232053351774805,False,False,False
ESO174-001,14.2,11.5,,3.6,,,8.64,8.17,,,203.33203915152,-53.35468862545,0.29921865463256836,9.003371902388666,True,1.0849668416976928,0.09156090831756591,13.115033158302307,11.408439091682434,2.6999999999999993,1.7065940666198731,True,False,False
ESO149-003,15.05,12.65,C,5.9,15.78,18.65,8.28,7.75,0.0039924737467953,0.0084801507191465,358.00895,-52.57607000000001,0.013724341057240963,-62.24060841107502,False,0.04976446067355573,0.004199648363515734,15.000235539326445,12.645800351636485,2.4000000000000004,2.35443518768996,False,False,False
NGC1311,13.4,10.92,,5.2,15.02,16.46,9.02,7.99,0.0233101320100663,0.0132649688692306,50.02894166666667,-52.18548888888889,0.0215687844902277,-52.65863990996691,False,0.07820841256156563,0.006600048054009676,13.321791587438435,10.91339995194599,2.4800000000000004,2.4083916354924444,False,False,False
IC5152,11.03,7.97,,1.97,12.54,15.91,8.94,8.02,0.0055522689889699,0.01869097687444,330.6730041666667,-51.29644444444445,0.025062598288059235,-50.19190919879401,False,0.09087698139250278,0.007669155076146125,10.939123018607496,7.962330844923853,3.0599999999999996,2.976792173683643,False,False,False
IC1959,13.2,11.04,,6.05,14.47,16.39,9.41,8.36,0.0336549380183514,0.0297995905689844,53.3024,-50.414202777777774,0.011052422225475311,-51.53876440822079,False,0.04007608298957348,0.0033820412009954452,13.159923917010426,11.036617958799004,2.16,2.1233059582114215,False,False,False
ESO199-007,16.44,14.01,C,6.56,17.8,,8.1,7.32,,0.0016312000518745,44.5174,-49.38304999999999,0.021479083225131035,-57.065749590042266,False,0.07788315577432513,0.006572599466890096,16.362116844225675,14.00342740053311,2.4300000000000015,2.3586894436925654,False,False,False
ESO238-005,14.7,12.28,C,7.8,16.56,19.06,9.18,8.33,0.0047832959384994,0.0072258468607032,335.6269639,-48.4063724,0.013317292556166649,-54.234358326096604,False,0.04828850280866027,0.0040750915221869945,14.65171149719134,12.275924908477812,2.42,2.3757865887135274,False,False,False
ESO223-009,13.82,9.44,,6.49,,15.91,9.43,8.81,0.0602597657868831,,225.28613,-48.29046,0.25964081287384033,9.173419982232957,True,0.941457587480545,0.07945008873939514,12.878542412519455,9.360549911260604,4.380000000000001,3.517992501258851,True,False,False
ESO215-009,16.03,12.6,,5.25,19.21,,8.63,8.82,,0.0002851137449993,164.37458,-48.17861,0.22077973186969757,10.474639324510687,False,0.8005473077595233,0.06755859795212746,15.229452692240478,12.532441402047873,3.4300000000000015,2.6970112901926058,False,False,False
RKK1610,16.9,12.63,C,14.9,,,9.12,8.67,,,146.35344,-48.14145,0.48903730511665344,3.9647585728481296,True,1.7732492683529852,0.14964541536569595,15.126750731647013,12.480354584634306,4.269999999999998,2.646396147012707,True,True,False
ESO269-058,13.29,9.04,,3.8,16.65,20.69,8.77,7.38,0.0002529910974579,0.0015785805266957,197.6366864,-46.9938185,0.10898879915475845,15.752348931593403,False,0.3951933857351541,0.03335057254135609,12.894806614264844,9.006649427458644,4.25,3.8881571868062004,False,False,False
AM2220-460,16.37,13.97,C,8.8,17.37,,8.76,7.45,,0.0043617914025948,335.9282083333334,-45.88344444444444,0.012941872701048851,-55.345392917646436,False,0.04692723041400313,0.003960213046520948,16.323072769586,13.96603978695348,2.4000000000000004,2.357032982632518,False,False,False
ESO272-025,14.79,12.27,,5.88,,18.73,8.04,7.09,0.0036837716214917,,220.85635,-44.70525000000001,0.16406983137130737,13.754053200821009,False,0.5949172085523605,0.05020536839962005,14.19508279144764,12.21979463160038,2.5199999999999996,1.9752881598472598,False,False,False
ESO245-005,12.7,10.26,,4.43,13.77,16.18,9.18,8.58,0.0218950276615131,0.0304443706209031,26.265570000000004,-43.59804,0.016347914934158325,-70.28917562513215,False,0.059277539551258085,0.005002461969852447,12.64072246044874,10.254997538030148,2.4399999999999995,2.385724922418593,False,False,False
NGC5237,13.23,9.85,,3.4,16.37,17.3,8.89,7.5,0.0045972262711428,0.001635525734154,204.4127333333333,-42.84691666666667,0.09880304336547852,19.22063387318066,False,0.3582598352432251,0.030233731269836424,12.871740164756776,9.819766268730163,3.380000000000001,3.051973896026613,False,False,False
HIPASS J0457-42,14.46,12.06,C,7.2,,18.69,8.36,8.13,0.005730638835841,,74.24291666666667,-42.80083333333333,0.012677676044404507,-38.50416779608702,False,0.04596925333701074,0.003879368869587779,14.41403074666299,12.056120631130412,2.4000000000000004,2.3579101155325777,False,False,False
ESO325-011,14.02,11.32,,3.4,,16.39,8.4,7.87,0.0106290849939797,,206.2543868,-41.8627758,0.08813968300819397,19.906318275105644,False,0.31959449058771133,0.026970743000507353,13.700405509412288,11.293029256999493,2.6999999999999993,2.4073762524127957,False,False,False
ESO324-024,12.91,10.35,,3.73,15.32,16.54,9.06,8.16,0.0111418090035944,0.0051774654736535,201.9067156,-41.4789245,0.1125606819987297,20.883244482424562,False,0.4081450329273939,0.03444356869161129,12.501854967072607,10.315556431308389,2.5600000000000005,2.1862985357642177,False,False,False
NGC0625,11.59,8.9,,3.89,13.9,14.69,9.01,7.97,0.0665943291614352,0.0208256588810629,23.7693,-41.4362,0.016382228583097458,-73.12145079137939,False,0.05940196084231138,0.005012961946427822,11.530598039157688,8.894987038053573,2.6899999999999995,2.635611001104115,False,False,False
NGC5408,12.2,10.5,,4.81,,14.68,8.64,8.39,0.1027609708091126,,210.8371125,-41.37770833333333,0.06828629225492477,19.499556075500873,False,0.24760609571635722,0.02089560543000698,11.952393904283642,10.479104394569992,1.6999999999999993,1.4732895097136502,False,False,True
KK55,16.05,13.4,C,7.65,,,8.06,7.86,,,,,,,False,,,,,2.6500000000000004,,False,False,False
ESO300-016,15.57,13.15,C,8.8,17.44,20.51,8.12,7.86,0.0016014131487585,0.0040894499012088,47.54368,-40.00292,0.017890917137265205,-58.61806744796154,False,0.06487246553972363,0.005474620644003152,15.505127534460277,13.144525379355997,2.42,2.3606021551042797,False,False,False
ESO320-014,15.85,12.9,,6.08,18.79,,8.03,7.33,,0.0005629978111393,174.47182,-39.22034,0.14320524036884308,21.467189731240957,False,0.519262201577425,0.04382080355286598,15.330737798422575,12.856179196447135,2.9499999999999993,2.47455860197544,False,False,False
ESO318-013,14.97,12.07,C,6.5,16.91,,8.29,8.01,,0.0036351828527002,161.92333,-38.85367,0.07665708661079407,17.964518893801923,False,0.2779585960507393,0.023457068502902984,14.692041403949261,12.046542931497097,2.9000000000000004,2.6454984724521644,False,False,False
ESO348-009,14.81,12.41,C,11.5,16.37,19.29,9.07,8.64,0.0084126675415917,0.0187109237319956,357.3479102,-37.7737599,0.013019178062677383,-73.16955472072104,False,0.047207539655268194,0.003983868487179279,14.762792460344732,12.406016131512821,2.4000000000000004,2.356776328831911,False,False,False
ESO347-017,14.69,11.78,C,7.6,15.75,17.69,8.67,8.15,0.0160385547245764,0.0144652762635859,351.73421,-37.34692,0.016826486214995384,-69.48635366408895,False,0.061012839015573264,0.005148904781788587,14.628987160984426,11.77485109521821,2.91,2.854136065766216,False,False,False
ESO383-087,11.0,8.2,,3.45,13.69,15.21,8.36,7.88,0.0324471260479023,0.019876400453682,207.32296237969,-36.0635723551,0.0715864971280098,25.353626759327256,False,0.25957263858616353,0.021905468121170998,10.740427361413836,8.178094531878829,2.8000000000000007,2.5623328295350074,False,False,False
HIPASS J0905-36,17.4,13.38,C,7.93,23.0,,8.53,7.96,,1.9826493978971625e-05,136.5,-36.06,0.4173596203327179,7.479075365991046,True,1.513345983326435,0.12771204382181167,15.886654016673564,13.25228795617819,4.019999999999998,2.634366060495374,True,True,False
HIPASS J0607-34,14.09,11.5,,7.4,,18.01,9.07,8.09,0.0113240423587317,,91.8321,-34.20448611111112,0.03654088079929352,-23.39833085910358,False,0.1324972337782383,0.011181509524583817,13.957502766221761,11.488818490475417,2.59,2.4686842757463445,False,False,False
NGC2188,12.14,9.5,,7.4,,15.66,9.45,8.61,0.0986282858557569,,92.5412225,-34.1039355,0.03259824961423874,-22.80921730981418,False,0.11820125310122967,0.009975064381957053,12.02179874689877,9.490024935618044,2.6400000000000006,2.5317738112807273,False,False,False
ESO381-020,14.44,12.11,,5.45,15.6,17.04,8.79,8.37,0.015008284383376,0.0085406820107269,191.50279,-33.836940000000006,0.06565644592046738,29.021228358699645,False,0.2380702729076147,0.020090872451663015,14.201929727092384,12.089909127548337,2.33,2.1120205995440475,False,False,False
ESO373-007,16.4,13.52,C,8.3,19.48,,8.16,7.69,,0.000555719623212,143.1912723,-33.2474473,0.1318630576133728,13.398879527502613,False,0.4781354469060898,0.04035009562969208,15.92186455309391,13.479649904370307,2.879999999999999,2.4422146487236027,False,False,False
ESO364-029,13.67,10.27,,7.59,,17.13,9.23,8.38,0.0267930156368599,,91.43333333333334,-33.083333333333336,0.04520522058010101,-23.367631177046718,False,0.16391412982344628,0.01383279749751091,13.506085870176554,10.256167202502489,3.4000000000000004,3.2499186676740646,False,False,False
NGC5398,12.78,10.34,,8.1,14.93,,9.38,8.46,,0.0349679027443542,210.3398125,-33.06378333333333,0.0657697543501854,27.55827406411793,False,0.23848112927377224,0.02012554483115673,12.541518870726227,10.319874455168843,2.4399999999999995,2.2216444155573836,False,False,False
UGCA442,13.6,11.42,,4.27,14.97,17.51,9.16,8.2,0.0059757689286075,0.0093660246809088,355.9397875,-31.956769444444447,0.016773175448179245,-74.52891286494243,False,0.06081953417509794,0.005132591687142849,13.539180465824902,11.414867408312857,2.1799999999999997,2.1243130575120457,False,False,False
NGC1800,13.13,10.21,,8.0,14.73,16.49,8.7,8.13,0.053668322363708,0.0410090323525783,76.6072375,-31.954225000000005,0.014485330320894718,-35.12324935451197,False,0.052523807743564244,0.004432511078193784,13.077476192256437,10.205567488921806,2.92,2.871908703334631,False,False,False
KK246,17.06,13.3,,7.83,19.96,,8.17,8.07,,0.0003178506266183,,,,,False,,,,,3.759999999999998,,False,False,False
NGC5253,10.87,8.29,,3.56,12.82,13.21,8.91,7.94,0.2179907380145012,0.0471627959856652,204.98329166666667,-31.64003055555556,0.05563053861260414,30.105957693460546,False,0.2017163330093026,0.017022944815456867,10.668283666990696,8.272977055184542,2.58,2.395306611806154,False,False,False
NGC5264,12.6,9.5,,4.53,15.34,17.13,8.1,7.65,0.0095440883240801,0.0074971457141777,205.4028458333333,-29.913125,0.05082041025161743,31.710041513731305,False,0.1842748075723648,0.015551045536994934,12.415725192427635,9.484448954463005,3.0999999999999996,2.9312762379646298,False,False,False
HIZSS021,17.5,11.13,C,3.0,,,8.6,7.66,,,116.525,-28.42666666666667,1.0059788227081299,-1.8425384212398388,True,3.6476792111396787,0.3078295197486877,13.852320788860322,10.822170480251312,6.369999999999999,3.0301503086090094,True,True,False
CGMW2-3473,15.22,11.93,C,7.4,,,8.32,7.78,,,126.301634,-28.1421808,0.24606426060199738,5.573992541020962,True,0.8922290089428424,0.07529566374421119,14.327770991057157,11.85470433625579,3.290000000000001,2.473066654801368,True,False,False
ESO409-015,15.15,12.74,C,7.7,16.08,17.21,8.2,7.99,0.0256164825756877,0.0109567309699842,1.38273,-28.098180000000003,0.01707647368311882,-79.78820983751783,False,0.06191929357498884,0.005225400947034359,15.08808070642501,12.734774599052965,2.41,2.3533061073720454,False,False,False
ESO444-084,15.06,12.6,,4.61,16.56,18.61,8.4,7.9,0.0025289479826689,0.0025240700208473,204.33329,-28.045,0.06870467960834503,33.738236429113044,False,0.24912316825985908,0.02102363196015358,14.810876831740142,12.578976368039847,2.460000000000001,2.2319004637002955,False,False,False
NGC1592,14.45,12.66,,9.1,14.36,,8.68,7.99,,0.0746074733519722,67.42018189928,-27.40870673349,0.037825807929039,-41.914960364654966,False,0.13715637955069543,0.011574697226285935,14.312843620449303,12.648425302773715,1.7899999999999991,1.6644183176755885,False,False,False
MCG -04-31-038,15.09,10.8,,7.8,16.79,,8.43,7.98,,0.0058464030630859,197.4025,-27.14075,0.07619237899780273,35.55556098694356,False,0.2762735662460327,0.023314867973327637,14.813726433753967,10.776685132026673,4.289999999999999,4.037041301727294,False,False,False
NGC3037,13.64,11.12,,8.1,15.9,16.76,9.38,8.31,0.0429050175066505,0.0143109869465293,147.85002112499998,-27.011135000000003,0.09104546904563904,20.70067344797656,False,0.33013087075948716,0.027859913527965546,13.309869129240514,11.092140086472034,2.5200000000000014,2.2177290427684806,False,False,False
ESO499-038,15.68,13.06,C,15.3,16.81,,8.77,8.73,,0.0220842375228287,150.95896,-26.612749999999995,0.07039201259613037,22.828911686151436,False,0.2552414376735687,0.02153995585441589,15.424758562326431,13.038460044145584,2.619999999999999,2.3862985181808476,False,False,False
ESO496-010,14.83,11.9,,7.8,17.76,,8.47,7.68,,0.0023927027746461,132.27512916666666,-26.321761111111105,0.09894055128097534,10.929517934158952,False,0.35875843894481657,0.030275808691978455,14.471241561055184,11.869724191308022,2.9299999999999997,2.601517369747162,False,False,False
NGC3109,10.39,7.5,,1.32,11.98,14.11,9.37,8.37,0.0130823543460266,0.0140555359483915,150.77865416666668,-26.159572222222227,0.06676636636257172,23.070173917087327,False,0.24209484443068505,0.020430508106946944,10.147905155569315,7.479569491893053,2.8900000000000006,2.6683356636762623,False,False,False
ESO490-017,14.01,12.0,,4.23,,17.26,8.05,7.55,0.0073827605095206,,99.48788000000002,-26.00086,0.07705887407064438,-14.296524676840122,False,0.2794154773801565,0.02358001546561718,13.730584522619843,11.976419984534383,2.01,1.75416453808546,False,False,False
ESO486-021,14.37,11.43,,10.0,15.55,17.58,8.9,8.47,0.0307282654412113,0.0301092229719955,75.83203,-25.42293,0.033604562282562256,-34.12602802121943,False,0.12185014283657074,0.01028299605846405,14.248149857163428,11.419717003941535,2.9399999999999995,2.8284328532218925,False,False,False
ESO501-023,13.2,10.34,C,7.0,14.72,,9.22,8.53,,0.0316880582593051,158.84667,-24.75414,0.06309207528829575,28.620316307896072,False,0.22877186499536037,0.019306175038218496,12.971228135004639,10.320693824961781,2.8599999999999994,2.6505343100428576,False,False,False
ESO497-004,16.36,12.79,C,19.0,19.16,20.76,9.18,8.69,0.0059298710266769,0.0039102700335895,135.76319,-23.808540000000004,0.2344975471496582,14.966342931736518,False,0.8502881059646606,0.0717562494277954,15.50971189403534,12.718243750572205,3.5700000000000003,2.7914681434631348,False,False,False
ESO495-008,16.06,13.21,C,17.3,,19.66,8.9,8.26,0.0135403612734851,,125.25505959999998,-23.7801314,0.11208270490169525,7.2633879400636605,True,0.406411887973547,0.03429730769991875,15.653588112026451,13.175702692300082,2.849999999999998,2.4778854197263698,True,False,False
ESO483-013,14.06,10.84,,7.4,16.21,17.84,8.68,7.63,0.0132434606424199,0.0089776565565216,63.17132916666668,-23.15888611111111,0.05256751552224159,-44.5784502584825,False,0.190609811283648,0.016085659749805928,13.869390188716352,10.823914340250194,3.2200000000000006,3.0454758484661575,False,False,False
DDO056,15.63,12.6,C,9.8,,19.46,8.97,7.86,0.0052238439764974,,137.44393,-23.00917,0.1716853380203247,16.6635136771164,False,0.6225310356616973,0.05253571343421936,15.007468964338303,12.54746428656578,3.030000000000001,2.460004677772522,False,False,False
ESO473-024,16.38,13.96,C,9.9,16.92,19.06,8.4,8.18,0.0077056350251862,0.0083554517765485,7.843790000000001,-22.76596,0.019262421876192093,-83.69980596289531,False,0.06984554172307253,0.00589430109411478,16.310154458276926,13.954105698905886,2.419999999999998,2.35604875937104,False,False,False
ESO558-011,14.43,10.2,C,8.4,,18.42,9.48,8.07,0.0100022249564001,,106.73666666666664,-22.04055555555556,0.3624038100242615,-6.622801749353862,True,1.3140762151479721,0.11089556586742401,13.115923784852027,10.089104434132576,4.23,3.0268193507194514,True,True,False
NGC0059,12.97,10.1,,5.3,16.25,17.26,8.25,7.4,0.0115901694366164,0.0044386539450018,3.854691666666666,-21.44435555555556,0.021491453051567078,-80.02185640403653,False,0.07792800876498222,0.006576384633779526,12.892071991235019,10.09342361536622,2.870000000000001,2.798648375868799,False,False,False
PGC170257,15.33,12.6,,6.5,17.55,,8.26,7.16,,0.0020161658814112,202.3375228256,-21.17919775394,0.1080825999379158,40.82906040826309,False,0.39190750737488267,0.03307327558100223,14.938092492625117,12.566926724418998,2.7300000000000004,2.3711657682061187,False,False,False
ESO553-046,14.6,12.0,,5.07,15.48,16.16,8.37,7.21,0.0292115071305882,0.0082549693764845,81.77378567922,-20.678064392260005,0.045250602066516876,-27.424180194819876,False,0.16407868309319018,0.013846684232354163,14.435921316906809,11.986153315767647,2.5999999999999996,2.4497680011391623,False,False,False
HIZSS014,18.4,10.82,C,7.35,,,8.38,7.92,,,114.0944372,-19.4941435,1.314355731010437,0.6470169016589422,True,4.765853880643845,0.4021928536891937,13.634146119356153,10.417807146310807,7.579999999999998,3.216338973045346,True,True,False
ESO572-034,14.27,11.5,,8.5,,,8.56,8.12,,,179.74214166666667,-19.02990833333334,0.0392623171210289,42.12242850929356,False,0.1423651618808508,0.012014269039034842,14.12763483811915,11.487985730960965,2.7699999999999996,2.639649107158185,False,False,False
KKSG9,16.4,11.66,,10.0,,19.6,9.42,8.64,0.0047812124945362,,,,,,False,,,,,4.739999999999998,,False,False,False
IC2171,15.17,10.81,C,9.9,,17.67,9.29,8.38,0.0277209707726356,,101.1154,-17.93241388888889,0.41618332266807556,-9.564987381436447,True,1.509080727994442,0.1273520967364311,13.660919272005557,10.68264790326357,4.359999999999999,2.9782713687419875,True,True,False
UGCA319,15.08,12.07,,7.3,17.25,21.08,8.94,7.97,0.0006519041803884,0.0033523184561827,195.55994,-17.23754,0.08139840513467789,45.556913609809534,False,0.295150617018342,0.024907911971211432,14.784849382981658,12.045092088028788,3.01,2.73975729495287,False,False,False
MCG -03-34-002,14.79,12.55,,7.9,16.77,,8.44,7.72,,0.0061087693881333,196.9860708333333,-16.689097222222227,0.08021757006645203,46.00005741373556,False,0.290868909060955,0.024546576440334318,14.499131090939045,12.525453423559666,2.2399999999999984,1.9736776673793788,False,False,False
WLM,11.03,9.0,,0.97,12.8,15.56,8.27,7.83,0.0018581531858008,0.0035665064712428,0.49236,-15.46108,0.03775704279541969,-73.62444222021603,False,0.1369070371761918,0.011553655095398426,10.893092962823808,8.988446344904602,2.0299999999999994,1.9046466179192052,False,False,False
NGC6822,9.31,6.0,,0.5,12.04,12.71,9.22,8.15,0.0068151913564172,0.0019082688299587,296.2341625,-14.79758055555556,0.23382890224456787,-18.39118089487525,False,0.8478635995388031,0.07155164408683777,8.462136400461198,5.928448355913162,3.3100000000000005,2.533688044548035,False,False,False
DDO153,14.59,12.03,C,8.0,15.9,17.36,8.77,8.54,0.0240834122461591,0.0139598104645309,193.4856614,-12.1054041,0.054568368941545486,50.76163596029144,False,0.19786490578204394,0.016697920896112918,14.392135094217956,12.013302079103886,2.5600000000000005,2.37883301511407,False,False,False
NGC4700,12.63,10.49,,7.3,14.26,17.72,9.46,8.43,0.0143940751577252,0.0526435621187031,192.28395,-11.40985555555556,0.046870555728673935,51.45784477875956,False,0.16995263507217168,0.014342390052974224,12.46004736492783,10.475657609947026,2.1400000000000006,1.9843897549808034,False,False,False
LV J1235-1104,15.7,13.18,C,10.0,16.81,,8.55,7.44,,0.0094340798508388,188.91418,-11.06715,0.0403481163084507,51.613209159631076,False,0.14630226973444224,0.012346523590385914,15.553697730265558,13.167653476409614,2.5199999999999996,2.3860442538559443,False,False,False
MCG-02-33-075,14.7,11.8,,8.7,,,8.73,7.57,,,194.6177833333333,-10.57699722222222,0.05106313154101372,52.256177002353056,False,0.18515491496771574,0.015625318251550196,14.514845085032283,11.784374681748451,2.8999999999999986,2.7304704032838316,False,False,False
KKSG17,15.41,12.82,C,9.7,18.43,21.66,8.35,7.72,0.0006746546441654,0.0019963791080596,,,,,False,,,,,2.59,,False,False,False
MCG -01-26-009,16.1,13.61,C,9.7,17.97,19.6,8.21,7.71,0.0044986428361091,0.0030496009648475,150.39013,-6.525110000000001,0.03508339077234268,36.89995400396689,False,0.12721237494051457,0.01073551757633686,15.972787625059487,13.599264482423662,2.490000000000002,2.3735231426358254,False,False,False
KKSG15,15.14,12.63,C,9.7,18.0,20.77,8.33,7.77,0.0015313748639513,0.002966490872183,,,,,False,,,,,2.51,,False,False,False
DDO148,13.7,10.99,C,9.0,17.36,,8.65,7.82,,0.0046045221524302,192.181558,-5.252667,0.029841000214219093,57.612444383635605,False,0.10820346677675843,0.009131346065551042,13.59179653322324,10.980868653934449,2.709999999999999,2.6109278792887913,False,False,False
SexA,11.86,10.18,,1.32,12.91,15.53,8.4,7.82,0.0035374141456174,0.0059682555454376,152.75208333333333,-4.691666666666667,0.044457100331783295,39.875354345724396,False,0.1612014458030462,0.013603872701525688,11.698798554196953,10.166396127298475,1.6799999999999997,1.5324024268984786,False,False,False
UGC06145,16.45,13.88,C,10.7,18.44,21.76,8.2,7.97,0.0007486961521622,0.0024069501912509,166.394599,-1.864294,0.0565904825925827,51.3952034121635,False,0.20519708988070487,0.017316687673330305,16.244802910119294,13.86268331232667,2.5699999999999985,2.3821195977926237,False,False,False
KDG155,16.4,13.96,C,8.11,20.48,,8.26,7.65,,0.0002112230241421,188.283101,-0.5330460000000001,0.023732680827379227,61.99054725638468,False,0.08605470068007708,0.007262200333178043,16.313945299319922,13.952737799666822,2.4399999999999977,2.3612074996530996,False,False,False
CGCG 014-054,15.6,13.18,C,9.6,17.81,,8.2,7.7,,0.0034613220890356,187.76583,1.67611,0.01751497946679592,64.08343138305635,False,0.06350931554660201,0.0053595837168395515,15.536490684453398,13.174640416283161,2.42,2.3618502681702367,False,False,False
UGC05797,14.28,11.81,,7.0,17.12,19.33,8.59,7.65,0.0030042365519212,0.0034745264959443,159.854971,1.719189,0.03174974396824837,49.43887469275419,False,0.11512457162886858,0.009715421654284,14.164875428371131,11.800284578345716,2.469999999999999,2.364590850025415,False,False,False
UGC07512,15.2,12.78,C,10.6,17.4,,8.66,8.26,,0.0061561795565545,186.420312,2.159267,0.018108874559402466,64.28004187202393,False,0.06566277915239334,0.005541315615177155,15.134337220847605,12.774458684384822,2.42,2.3598785364627837,False,False,False
NGC4765,13.37,10.82,,9.7,15.04,,9.09,8.43,,0.0453151076841985,193.3108762720048,4.4631867861882,0.04030318558216095,67.33084039660966,False,0.1461393509209156,0.01233277478814125,13.223860649079084,10.807667225211858,2.549999999999999,2.4161934238672256,False,False,False
CGCG 035-007,15.22,12.68,C,13.0,17.49,19.43,8.99,8.17,0.0094498464201775,0.0085228776198183,143.68627,6.42563,0.04275668039917946,38.993116821701776,False,0.15503572312742472,0.013083544202148915,15.064964276872576,12.666916455797852,2.540000000000001,2.3980478210747247,False,False,False
KK49,16.1,10.39,,5.15,,16.68,8.48,7.73,0.0186703519087052,,,,,,False,,,,,5.710000000000001,,False,False,False
IC3591,14.39,11.6,,9.8,16.09,16.79,8.88,8.24,0.0610928234929656,0.0175853776454929,189.261238,6.925906,0.02343936078250408,69.5106406655846,False,0.0849911221973598,0.007172444399446249,14.30500887780264,11.592827555600554,2.790000000000001,2.7121813222020865,False,False,False
AGC191803,16.5,14.05,C,14.9,18.56,,8.39,7.97,,0.0041789972432585,147.024695,7.128097,0.026608604937791824,42.21162250552376,False,0.09648280150443315,0.008142233110964297,16.403517198495567,14.041857766889036,2.4499999999999993,2.3616594316065314,False,False,False
UGC05288,14.62,11.49,,6.85,15.99,17.53,8.87,8.28,0.0150979919244406,0.0094206461348273,147.821838,7.82557,0.034069668501615524,43.24598020188516,False,0.12353661798685789,0.01042531856149435,14.496463382013141,11.479574681438505,3.129999999999999,3.0168887005746363,False,False,False
LeG03,17.3,14.6,C,10.4,,,8.49,7.69,,,158.9535,8.48053,0.026026345789432526,52.92226915389051,False,0.09437152983248233,0.007964061811566352,17.205628470167518,14.592035938188433,2.700000000000001,2.6135925319790854,False,False,False
VCC1725,14.89,11.74,,8.5,15.95,,8.63,7.6,,0.0150500311652838,189.4230034583333,8.55859188888889,0.022471535950899124,71.14769680549577,False,0.08148178935796022,0.006876290000975132,14.80851821064204,11.733123709999026,3.1500000000000004,3.0753945006430143,False,False,False
IC0559,14.98,12.52,C,9.4,16.68,19.04,8.81,8.0,0.0070760965978164,0.0093962649670287,146.182566,9.615936,0.02639228291809559,42.70473467875686,False,0.0956984178610146,0.00807603857293725,14.884301582138987,12.511923961427062,2.460000000000001,2.3723776207119247,False,False,False
UGC06014,15.0,12.49,C,10.4,17.27,,8.94,7.8,,0.0066798425584532,163.427875,9.727925,0.03156392648816109,57.24913893117066,False,0.1144507974460721,0.009658561505377292,14.885549202553928,12.480341438494623,2.51,2.4052077640593055,False,False,False
UGC05456,13.84,11.63,,5.6,15.31,17.16,8.39,7.71,0.0141877687038154,0.0117781098863019,151.8340916666667,10.361155555555555,0.0400857999920845,47.94353150394957,False,0.1453511107712984,0.012266254797577857,13.694648889228702,11.617733745202424,2.209999999999999,2.0769151440262785,False,False,False
AGC202248,17.5,15.08,C,10.4,19.16,,8.23,7.18,,0.0011715645618643,158.733879,11.492359,0.031221553683280945,54.37228361784553,False,0.1132093536555767,0.00955379542708397,17.386790646344423,15.070446204572916,2.42,2.3163444417715073,False,False,False
CGCG 066-109,16.2,13.8,C,10.4,17.73,20.03,8.04,7.65,0.0034802041803985,0.0043728665758376,166.11,11.75634,0.015040476806461811,60.57267473105084,False,0.05453676890023053,0.004602385902777314,16.145463231099768,13.795397614097224,2.3999999999999986,2.350065617002544,False,False,False
UGC08061,15.97,13.5,C,6.49,18.0,20.49,8.38,7.32,0.0008872120656169,0.0013279720712662,194.182085,11.93137,0.028651932254433632,74.7524937373873,False,0.10389190635457635,0.008767491269856691,15.866108093645424,13.491232508730143,2.4700000000000006,2.374875584915282,False,False,False
IC3718,14.0,11.91,,6.8,18.39,19.88,8.77,7.13,0.0017082674713253,0.0010179287327797,191.1916333333333,12.351452777777777,0.028952404856681824,75.14068680800277,False,0.10498142001032829,0.008859435886144637,13.89501857998967,11.901140564113856,2.09,1.993878015875815,False,False,False
UGC05812,15.5,12.81,C,10.4,17.89,,8.53,7.6,,0.003773690047195,160.236275,12.473857,0.024351052939891815,56.13718777980961,False,0.08829691796004772,0.007451422199606895,15.411703082039953,12.802548577800394,2.6899999999999995,2.6091545042395587,False,False,False
IC3583,13.31,11.2,,7.6,15.43,,9.25,7.83,,0.0194234661199222,189.1814916666666,13.259147222222222,0.04398252069950104,75.7106592837829,False,0.15948062005639077,0.013458651334047318,13.15051937994361,11.186541348665951,2.110000000000001,1.9639780312776587,False,False,False
IC2787,15.7,13.23,C,10.3,,25.36,8.98,7.27,2.5189090988004758e-05,,170.829486,13.629777,0.025589441880583763,65.39859863419723,False,0.09278731625899672,0.007830369215458632,15.607212683741002,13.222169630784542,2.469999999999999,2.38504305295646,False,False,False
AGC205268,17.4,14.93,C,10.4,20.27,,8.18,8.03,,0.0004214695722227,160.718475,13.741080555555556,0.02932051196694374,57.175329719201166,False,0.106316176392138,0.008972076661884784,17.29368382360786,14.921027923338116,2.469999999999999,2.372655900269745,False,False,False
DDO088,14.4,11.91,C,7.73,16.59,18.89,9.15,7.87,0.0054941059925326,0.0069033284294554,161.84333870733,14.07130480445,0.034619949758052826,58.28959692244258,False,0.12553193782269953,0.010593704625964165,14.2744680621773,11.899406295374035,2.49,2.375061766803265,False,False,False
IC3023,15.35,12.85,C,7.7,16.78,,8.17,7.57,,0.0057501741529975,182.507268,14.366871,0.038470007479190826,74.00048677914063,False,0.13949224711954594,0.011771822288632394,15.210507752880453,12.838228177711366,2.5,2.3722795751690864,False,False,False
UGC04115,15.23,12.13,,7.73,15.82,17.89,8.84,8.34,0.0138005702959181,0.0140300279323991,119.254281,14.396571,0.028533687815070152,20.89686905509409,False,0.10346315201744437,0.008731308471411467,15.126536847982557,12.12126869152859,3.0999999999999996,3.005268156453967,False,False,False
IC3077,15.01,12.69,,9.1,20.3,,8.54,6.97,,0.0003138935071565,183.98481666666663,14.433574999999998,0.032504089176654816,74.84814918428718,False,0.11785982735455036,0.009946251288056374,14.89214017264545,12.680053748711943,2.3200000000000003,2.2120864239335063,False,False,False
LSBC D634-03,17.5,15.0,C,9.55,21.1,24.86,8.32,6.7,3.431980320906766e-05,0.0001654650561411,137.22375,14.58286,0.03859857842326164,36.9401023634348,False,0.1399584453627467,0.011811164997518062,17.360041554637252,14.988188835002482,2.5,2.37185271963477,False,False,False
DDO013,14.37,11.76,C,9.04,15.97,17.66,8.68,8.66,0.0233278603459266,0.0167123071492132,25.043291666666665,15.905166666666668,0.06295879930257797,-45.3715043023448,False,0.22828860627114772,0.01926539258658886,14.141711393728851,11.740734607413412,2.6099999999999994,2.4009767863154394,False,False,False
UGC00685,14.22,11.64,C,4.51,16.51,17.97,8.69,7.74,0.0043640641861156,0.0025296045373693,16.8459669,16.6836077,0.057256150990724564,-46.017689527810866,False,0.20761080349236727,0.017520382203161718,14.012389196507634,11.62247961779684,2.58,2.3899095787107942,False,False,False
UGC01056,14.81,12.0,,7.3,17.24,18.17,8.03,7.64,0.0095100711468379,0.0033833370769506,22.1968,16.687975,0.0729154571890831,-45.256781042265395,False,0.2643914477676153,0.022312129899859427,14.545608552232386,11.97768787010014,2.8100000000000005,2.567920682132245,False,False,False
DDO047,13.62,11.0,,8.05,15.04,17.79,9.4,8.81,0.0164108020317726,0.0312098232086861,115.48460804088,16.802069897830002,0.03298307955265045,18.543884671909968,False,0.11959664645791053,0.010092822343111037,13.500403353542088,10.989907177656889,2.619999999999999,2.5104961758851996,False,False,False
UGC02684,16.29,13.46,,6.49,17.83,20.28,8.79,7.92,0.0010765332284176,0.0015530625286372,50.09879,17.29586,0.14138396084308624,-32.746824462219,False,0.5126582420170307,0.04326349201798439,15.777341757982969,13.416736507982016,2.8299999999999983,2.360605250000953,False,False,False
UGC02716,14.64,11.5,,6.4,17.07,18.81,8.21,7.68,0.0040541330154683,0.003041301637632,51.030238,17.753038,0.1384013444185257,-31.825137444014,False,0.5018432748615742,0.042350811392068866,14.138156725138426,11.457649188607931,3.1400000000000006,2.680507536530495,False,False,False
UGC01104,14.48,11.81,,7.55,16.12,18.25,8.9,8.02,0.0094500030573292,0.010152978139217,23.17716273209,18.317087342930005,0.06171255558729172,-43.46625859843858,False,0.22376972655951977,0.018884042009711267,14.256230273440481,11.79111595799029,2.67,2.465114315450192,False,False,False
UGC06881,15.9,13.41,C,16.4,17.66,,9.14,8.27,,0.0115981105478067,178.687081,20.056461,0.03412609174847603,75.22780414090833,False,0.12374120867997407,0.010442584075033665,15.776258791320027,13.399557415924967,2.49,2.3767013753950597,False,False,False
LSBC D564-08,17.9,15.44,C,8.67,18.99,24.61,8.16,7.52,3.561034987748741e-05,0.0009522209731111,135.7237,20.07535,0.028643468394875526,37.59875099200264,False,0.10386121639981866,0.008764901328831912,17.79613878360018,15.431235098671168,2.459999999999999,2.364903684929013,False,False,False
UGC05672,14.65,11.55,,11.4,17.38,19.06,9.19,8.31,0.010217572981055,0.0072528592656779,157.08793749999998,22.569702777777778,0.023504488170146942,57.330953809782606,False,0.08522727410495282,0.007192373380064964,14.564772725895047,11.542807626619936,3.0999999999999996,3.0219650992751106,False,False,False
NGC4455,12.93,10.55,,8.4,14.6,16.54,9.32,8.62,0.0565062670826084,0.0509633678352201,187.18385083352,22.82042726653,0.020553290843963623,83.29155035562658,False,0.0745262326002121,0.006289306998252868,12.855473767399788,10.543710693001747,2.379999999999999,2.3117630743980406,False,False,False
UGC1561,14.51,11.83,C,7.2,17.19,,8.63,7.63,,0.003446390946051,31.020399999999995,24.2097,0.08430541306734085,-35.75284076858556,False,0.3056914277821779,0.0257974563986063,14.204308572217823,11.804202543601393,2.6799999999999997,2.4001060286164293,False,False,False
UGC08030,16.6,14.21,C,15.3,18.32,,8.57,7.89,,0.0054964516177379,193.622065,26.304284,0.009063300676643848,88.93093055163794,False,0.03286352825351059,0.0027733700070530177,16.56713647174649,14.207226629992947,2.3900000000000006,2.3599098417535433,False,False,False
UGCA298,15.25,12.43,,11.0,17.85,,8.74,7.29,,0.0043801089999167,191.73083954597,26.56429866712,0.014216396026313305,88.84585004980318,False,0.051548651991412044,0.004350217184051871,15.198451348008588,12.425649782815947,2.8200000000000003,2.7728015651926405,False,False,False
IC3308,15.41,12.51,C,12.8,,19.11,9.31,8.57,0.012301497566879,,186.32514899999995,26.714338000000005,0.02475077286362648,84.15978504224523,False,0.08974630240350961,0.007573736496269703,15.32025369759649,12.50242626350373,2.9000000000000004,2.8178274340927594,False,False,False
AGC749236,17.3,14.86,C,19.5,,,8.35,8.3,,,186.427326,26.809596,0.023504335433244705,84.25911002823904,False,0.0852267202809453,0.00719232664257288,17.214773279719054,14.852807673357427,2.4400000000000013,2.3619656063616272,False,False,False
DDO154,14.1,12.33,,4.04,14.88,18.19,8.79,8.28,0.0028595702882756,0.0091088233141497,193.52186666666665,27.14963055555556,0.00928561296314001,89.41015140806975,False,0.033669632604345676,0.0028413975667208433,14.066330367395654,12.327158602433279,1.7699999999999996,1.739171764962375,False,False,False
IC3341,16.4,13.98,C,14.0,,,8.48,7.92,,,186.597395,27.745539,0.019544336944818497,84.40874048507206,False,0.07086776576191187,0.00598056710511446,16.329132234238088,13.974019432894886,2.419999999999998,2.3551128013432017,False,False,False
NGC0855,13.3,9.83,,9.73,16.52,16.7,9.24,8.45,0.0654280122459307,0.0116660874701866,33.51505,27.87717222222222,0.07093857228755951,-31.52883946664909,False,0.2572232631146908,0.02170720311999321,13.04277673688531,9.808292796880007,3.4700000000000006,3.234483940005303,False,False,False
UGC07990,16.2,13.51,C,20.4,,21.38,9.19,8.4,0.0038618764943502,,192.608221,28.352449,0.012808370403945446,88.75577083527992,False,0.04644315108470619,0.003919361343607306,16.153556848915294,13.506080638656393,2.6899999999999995,2.647476210258901,False,False,False
UGCA294,14.82,12.41,C,9.9,15.99,,8.47,8.09,,0.0196775007229885,191.158929797,28.47247384388,0.015196124091744423,87.9826935359278,False,0.05510114595666528,0.004650013972073794,14.764898854043334,12.405349986027927,2.41,2.3595488680154073,False,False,False
DDO068,14.77,12.82,,9.8,15.22,18.16,8.83,8.73,0.0172977731438767,0.0391878736584087,149.191862,28.828824,0.018313637003302574,51.61583592889653,False,0.06640524777397513,0.005603972923010588,14.703594752226024,12.81439602707699,1.9499999999999993,1.8891987251490345,False,False,False
NGC0784,12.22,10.29,,4.97,14.42,16.24,9.23,8.46,0.0260765914738213,0.0210577674510101,30.32055,28.83725833333333,0.05897920951247215,-31.5853155802449,False,0.21385861369222403,0.01804763811081648,12.006141386307776,10.271952361889182,1.9300000000000015,1.734189024418594,False,False,False
UGC05427,14.89,12.2,,7.11,16.4,18.94,8.75,7.47,0.004438919275844,0.006957268259669,151.170621,29.364318,0.02312377654016018,53.40032613463378,False,0.0838468137346208,0.007075875621289015,14.80615318626538,12.19292412437871,2.6900000000000013,2.6132290618866705,False,False,False
KISSB023,16.32,13.9,C,19.8,17.01,,8.78,8.28,,0.030763088038114,145.053513,29.591749,0.0181410051882267,48.15562597404316,False,0.06577928481251001,0.00555114758759737,16.25422071518749,13.894448852412403,2.42,2.359771862775087,False,False,False
DDO131,15.28,12.86,C,8.1,16.5,,8.66,8.06,,0.0082351134317437,187.994039,29.709606,0.019301755353808403,85.00341419177367,False,0.06998816491290927,0.005906337138265372,15.21001183508709,12.854093662861734,2.42,2.3559181722253566,False,False,False
KK127,15.6,13.99,,17.3,17.44,,8.83,8.34,,0.0158049000636983,,,,,False,,,,,1.6099999999999994,,False,False,False
UGC12713,14.81,11.5,,12.2,16.95,18.43,9.21,8.42,0.0209053627150347,0.0123429568057741,354.5614916666666,30.709233333333334,0.0626547560095787,-29.579590977232918,False,0.2271861452907324,0.019172355338931083,14.582813854709268,11.480827644661069,3.3100000000000005,3.1019862100481994,False,False,False
IC2992,15.02,12.44,,12.7,16.71,18.81,8.52,7.73,0.015964138526975,0.0166842615622465,181.3160083333333,30.85541388888889,0.020240601152181625,79.24408843749804,False,0.07339241977781057,0.006193623952567577,14.946607580222189,12.433806376047432,2.58,2.5128012041747567,False,False,False
UGC07131,16.8,13.95,C,16.8,17.26,,9.39,8.59,,0.0175921172655008,182.299155,30.906816,0.022125601768493652,80.02799983796005,False,0.08022743201255798,0.006770434141159057,16.719772567987444,13.94322956585884,2.8500000000000014,2.776543002128605,False,False,False
KUG 1157+315,15.05,12.88,,23.2,16.67,,9.33,8.48,,0.0577664285236098,180.067352,31.225059,0.019426433369517326,78.11280431769106,False,0.07044024739786982,0.005944488611072302,14.97955975260213,12.874055511388928,2.17,2.105504241213202,False,False,False
DDO064,14.46,12.45,,7.11,15.13,17.31,8.84,8.24,0.0199194456132035,0.0224098396638066,147.594869,31.488277,0.022127633914351463,50.564043994220604,False,0.0802348005734384,0.006771055977791548,14.379765199426563,12.443228944022207,2.0100000000000016,1.9365362554043557,False,False,False
DDO133,13.53,11.12,C,4.85,14.85,16.93,8.48,8.2,0.0131529001431139,0.0134953149679253,188.22708333333333,31.541666666666668,0.016217123717069626,84.01928640537939,False,0.058803290598094464,0.004962439857423305,13.471196709401905,11.115037560142575,2.41,2.35615914925933,False,False,False
DDO083,15.41,13.41,,10.9,16.41,18.74,9.2,8.56,0.0125427001971779,0.0162013999689744,159.1797619096,31.5472747789,0.019761858507990837,60.42621393541987,False,0.07165649894997478,0.006047128703445196,15.338343501050025,13.403952871296555,2.0,1.9343906297534694,False,False,False
NGC4509,14.1,11.5,,10.1,15.22,,8.39,7.98,,0.0416238545594989,188.2770833333333,32.09093055555556,0.011831815354526043,83.63770979477049,False,0.04290216247551143,0.0036205354984849693,14.057097837524488,11.496379464501516,2.5999999999999996,2.560718373022972,False,False,False
UGC05209,16.06,13.64,C,6.56,18.23,21.29,8.29,7.15,0.000433856116497,0.0010977595566413,146.267484,32.237786,0.018863465636968613,49.512323690030044,False,0.06839892639964819,0.005772220484912396,15.99160107360035,13.634227779515088,2.419999999999998,2.357373294085262,False,False,False
UGC01281,12.87,10.5,,4.94,15.47,17.52,9.42,8.22,0.007924866292915,0.0079095804129827,27.382130000000004,32.58783,0.04741690680384636,-28.706676230988155,False,0.1719337040707469,0.014509573481976986,12.698066295929252,10.485490426518023,2.369999999999999,2.2125758694112285,False,False,False
FGC1497,16.8,14.13,C,23.4,18.79,,9.1,8.26,,0.0083393319735618,191.752695,32.651598,0.013558991253376007,84.39404950459142,False,0.0491649022847414,0.004149051323533058,16.75083509771526,14.125850948676467,2.67,2.6249841490387933,False,False,False
UGC03476,15.98,12.7,C,7.01,,18.22,8.74,8.15,0.0083747930061286,,97.61792,33.30056,0.23779520392417908,10.50926723795162,False,0.8622454094290734,0.0727653324007988,15.117754590570927,12.6272346675992,3.280000000000001,2.4905199229717265,False,False,False
d0226+3325,17.5,14.86,C,9.3,,25.32,8.85,8.0,2.130609910796648e-05,,,,,,False,,,,,2.6400000000000006,,False,False,False
DDO025,13.96,10.98,C,9.3,15.9,17.5,8.97,8.41,0.028609083340708,0.0188653751105825,38.32583,33.49111,0.09414897114038467,-24.739496203451882,False,0.3413841693550348,0.02880958516895771,13.618615830644966,10.951190414831043,2.9800000000000004,2.6674254158139235,False,False,False
LV J0926+3343,17.8,15.13,C,19.7,18.14,,8.33,8.37,,0.0107555345613979,141.53937,33.71781,0.017799032852053642,45.70610558584948,False,0.0645392931215465,0.005446504052728414,17.735460706878452,15.124553495947273,2.67,2.6109072109311793,False,False,False
DDO143,16.0,13.58,C,9.1,15.9,17.73,8.45,8.43,0.0221626062361691,0.018062686008872,191.103672,34.384259,0.019678089767694473,82.58920103463392,False,0.07135275349766015,0.006021495468914509,15.92864724650234,13.573978504531086,2.42,2.3546687419712544,False,False,False
DDO084,13.73,11.17,,8.11,14.17,16.56,9.44,8.79,0.0517106211039745,0.0705896870076122,160.678279,34.449276,0.02360309660434723,61.533495380844876,False,0.08558482828736305,0.007222547560930252,13.644415171712637,11.16277745243907,2.5600000000000005,2.481637719273568,False,False,False
NGC4861,12.9,10.46,C,7.3,13.6,14.49,9.24,8.59,0.2819575745275502,0.0966819203614386,194.75975,34.85943888888889,0.010650434531271458,82.09960219067862,False,0.03861847561039031,0.003259032966569066,12.86138152438961,10.456740967033431,2.4399999999999995,2.4046405573561795,False,False,False
UGC7257,14.36,12.25,,8.8,15.17,,8.98,8.32,,0.0330875714496354,183.7623125,35.958447222222226,0.01570519059896469,78.26147296387762,False,0.05694702111184597,0.004805788323283195,14.303052978888154,12.245194211676717,2.1099999999999994,2.057858767211437,False,False,False
DDO019,15.8,13.14,C,9.3,16.62,18.19,9.3,8.32,0.0151531856088228,0.0097199816477518,36.25092,36.03778,0.06771435588598251,-23.095180978119355,False,0.2455322544425726,0.020720592901110647,15.554467745557428,13.11927940709889,2.66,2.4351883384585378,False,False,False
NGC4214,10.24,8.14,,2.94,11.68,13.28,9.16,8.48,0.1393903493594751,0.0919166544465932,183.913225,36.32688888888889,0.021838610991835594,78.07454601129353,False,0.07918680345639587,0.0066826149635016915,10.160813196543604,8.133317385036499,2.0999999999999996,2.027495811507105,False,False,False
NGC4190,13.5,10.79,,2.82,15.02,17.18,8.49,7.46,0.0035321266084706,0.0039011959480647,183.4365208333333,36.634025,0.02923263981938362,77.58932262326424,False,0.10599755198508501,0.008945187784731388,13.394002448014914,10.781054812215269,2.710000000000001,2.612947635799646,False,False,False
DDO126,14.12,11.53,,4.88,15.18,17.48,8.43,8.02,0.0080237555623788,0.010081825862125,186.773192,37.141774,0.014277961105108261,78.74487687157124,False,0.05177188696712255,0.0043690560981631274,14.068228113032877,11.525630943901836,2.59,2.5425971691310405,False,False,False
DDO127,14.98,12.57,C,6.89,16.19,20.47,8.33,8.0,0.0010185362483453,0.0079275317788467,187.117018,37.234822,0.017311522737145424,78.79176255789925,False,0.0627715814448893,0.0052973259575664995,14.91722841855511,12.564702674042433,2.41,2.3525257445126773,False,False,False
IC4182,12.02,9.72,,4.7,13.47,16.03,9.01,8.36,0.0282965678107255,0.0451746986018531,196.45311596836,37.60360143269,0.013698856346309185,79.09638832455852,False,0.0496720531117171,0.004191850041970611,11.970327946888283,9.71580814995803,2.299999999999999,2.2545197969302517,False,False,False
IC3687,13.79,11.12,,4.57,14.79,16.88,8.68,7.9,0.0122284227935273,0.0126628641580943,190.56314201313,38.50162350915,0.019890332594513893,78.46525297159405,False,0.07212234598770738,0.0060864417739212515,13.717877654012291,11.113913558226079,2.67,2.6039640957862122,False,False,False
DDO022,15.65,13.11,C,9.3,18.3,19.64,8.41,8.05,0.0039856939082136,0.0020685472470815,38.225,38.68058,0.04865260422229767,-20.047718251828083,False,0.17641434291005134,0.014887696892023086,15.473585657089949,13.095112303107976,2.540000000000001,2.3784733539819722,False,False,False
KKH58,15.61,12.94,C,18.4,16.43,17.94,9.11,8.47,0.0746747352902593,0.04532472667826,151.84468,38.96963,0.014075897634029388,53.98607509139077,False,0.05103920482099056,0.004307224676012993,15.55896079517901,12.935692775323986,2.67,2.623268019855024,False,False,False
UGC7719,15.25,12.59,C,9.2,16.14,18.09,8.61,8.22,0.0162597438818561,0.0148004596249188,188.50228966666663,39.01925144444444,0.015704071149230003,77.56552679358552,False,0.05694296198710799,0.004805445771664381,15.193057038012892,12.585194554228336,2.66,2.6078624837845563,False,False,False
UGC03600,16.18,13.22,C,7.24,17.63,20.15,8.84,7.78,0.0015101329308542,0.002323681927282,103.91590779166668,39.09549641666667,0.09242121130228043,17.474719982093045,False,0.3351193121820688,0.02828089065849781,15.84488068781793,13.191719109341502,2.959999999999999,2.6531615784764284,False,False,False
UGC12894,16.8,14.02,C,8.47,17.57,19.91,8.17,7.92,0.0025781303200943,0.003360983407819,0.0939583333333333,39.49541666666667,0.10811533033847809,-22.320873558454625,False,0.3920261878073215,0.033083291083574294,16.40797381219268,13.986916708916425,2.780000000000001,2.4210571032762545,False,False,False
DDO182,15.69,13.3,C,8.9,16.07,18.86,8.16,8.03,0.0074871762913348,0.0147733695313643,205.635502375,39.658492555555554,0.008577529340982437,73.58058141155279,False,0.031102121390402315,0.0026247239783406258,15.658897878609597,13.29737527602166,2.389999999999999,2.3615226025879377,False,False,False
UGC7678,14.5,12.48,,6.9,15.62,17.86,8.01,7.76,0.0113041061545754,0.0134399523602546,188.00167916666663,39.831725000000006,0.01600690558552742,76.67197506401978,False,0.05804103965312242,0.004898113109171391,14.441958960346877,12.47510188689083,2.0199999999999996,1.9668570734560475,False,False,False
DDO046,14.4,12.2,,6.85,16.24,19.01,9.5,8.22,0.0038629509058489,0.0074830852142395,115.357406,40.112792,0.05010799691081047,26.172929349552668,False,0.18169159679859875,0.015333047054708004,14.218308403201402,12.18466695294529,2.200000000000001,2.033641450256111,False,False,False
DDO024,13.68,10.86,C,9.8,,18.42,9.0,8.73,0.013614139523989,,38.42899,40.52812,0.05549709498882294,-18.29495105437261,False,0.20123246642947196,0.01698211106657982,13.478767533570528,10.843017888933419,2.8200000000000003,2.6357496446371087,False,False,False
And IV,17.18,14.54,C,6.31,17.89,21.06,8.84,8.32,0.0004961314570942,0.0013891791816579,10.634583333333332,40.57194444444445,0.08696633577346802,-22.268246904515404,False,0.315339933514595,0.026611698746681213,16.864660066485406,14.513388301253318,2.6400000000000006,2.351271765232088,False,False,False
UGC00064,15.5,12.84,C,9.6,16.59,,8.65,8.58,,0.0106473618528743,1.93342,40.87545999999999,0.08028071373701096,-21.24444582662519,False,0.2910978680104017,0.02456589840352535,15.208902131989598,12.815434101596475,2.66,2.393468030393123,False,False,False
NGC4625,13.03,9.75,,7.9,14.56,16.44,8.69,8.49,0.0548014725412851,0.0467685311595821,190.46963409149,41.27392104605,0.01831435225903988,75.71857576912633,False,0.0664078412912786,0.005604191791266202,12.963592158708721,9.744395808208735,3.2799999999999994,3.2191963504999865,False,False,False
UGC12588,14.11,10.89,C,7.9,,17.01,9.41,8.16,0.0324184486517448,,351.179729,41.347815,0.14709606766700745,-18.640475317950592,False,0.5333703413605689,0.045011396706104274,13.57662965863943,10.844988603293896,3.219999999999999,2.731641055345534,False,False,False
NGC0205,8.72,5.59,,0.82,14.99,27.87,8.28,5.6,1.581851645171929e-08,0.000339099580566,10.09190514583,41.68541867226,0.08538347482681274,-21.138699307042554,False,0.309600479722023,0.0261273432970047,8.410399520277977,5.563872656702995,3.130000000000001,2.846526863574982,False,False,False
DDO052,15.27,12.37,,10.28,17.01,19.93,8.94,8.32,0.0037284152449659,0.0082925056701536,127.118998,41.857535,0.03609689325094223,35.21332290211797,False,0.13088733492791652,0.011045649334788321,15.139112665072084,12.358954350665211,2.9000000000000004,2.780158314406872,False,False,False
KK149,15.01,12.56,C,8.9,17.47,19.83,8.29,7.77,0.0030642067085065,0.0040689238408305,,,,,False,,,,,2.4499999999999993,,False,False,False
UGC07690,13.13,11.4,,11.2,14.92,17.13,9.3,8.64,0.0583410298462839,0.0674738658219031,188.112056,42.704121,0.02918507531285286,73.95231127110829,False,0.10582508308440447,0.008930633045732975,13.024174916915596,11.391069366954268,1.7300000000000004,1.6331055499613285,False,False,False
DDO129,13.67,11.01,C,8.9,14.88,17.26,9.08,8.59,0.0326827098994086,0.0442058312122463,187.183659,43.22383,0.017118290066719055,73.25989558335984,False,0.06207091978192329,0.005238196760416031,13.607929080218076,11.004761803239584,2.66,2.6031672769784926,False,False,False
UGC02172,14.6,12.37,,9.3,,,8.62,7.87,,,40.54513333333334,43.35510555555556,0.10679501295089722,-15.069567289476556,False,0.3872387169599533,0.03267927396297455,14.212761283040047,12.337320726037024,2.2300000000000004,1.8754405570030226,False,False,False
DDO190,13.1,10.72,,2.74,14.92,17.67,8.47,7.5,0.0021234359776822,0.0040383194758013,216.18004,44.52828,0.012267380021512508,64.4761809716862,False,0.044481519958004354,0.0037538182865828277,13.055518480041995,10.716246181713418,2.379999999999999,2.339272298328577,False,False,False
UGC09660,14.35,11.74,,7.4,15.99,18.46,8.42,7.9,0.0074817205913745,0.0109941836505545,225.28950416666663,44.69819722222222,0.022442717105150223,58.725475112656476,False,0.08137729222327471,0.006867471434175968,14.268622707776725,11.733132528565823,2.6099999999999994,2.5354901792109015,False,False,False
UGC07320,15.4,13.0,C,9.2,18.39,,8.31,7.54,,0.0018632674728043,184.36900127137,44.81125539332,0.012548441998660564,71.05521868041671,False,0.04550065068714321,0.0038398232515901324,15.354499349312857,12.99616017674841,2.4000000000000004,2.358339172564447,False,False,False
UGC07827,15.96,13.54,C,8.5,16.94,18.16,8.14,8.09,0.0130129540779372,0.0060469642252011,189.91446,44.82011,0.018192796036601067,72.15162107789438,False,0.06596707842871546,0.005566995587199927,15.894032921571286,13.534433004412799,2.4200000000000017,2.359599917158487,False,False,False
NGC4460,12.26,9.06,,9.59,15.68,15.66,9.31,8.08,0.1656438286415419,0.0245661309297669,187.1898208333333,44.864236111111104,0.019116239622235298,71.69251775260206,False,0.0693154848702252,0.005849569324404001,12.190684515129774,9.054150430675596,3.1999999999999993,3.136534084454178,False,False,False
NGC3741,14.38,12.26,,3.03,15.33,17.39,8.37,7.88,0.0033606501407997,0.0033852036840286,174.023974,45.284155,0.024532506242394447,66.44536320371868,False,0.08895486763492226,0.007506946910172701,14.29104513236508,12.252493053089827,2.120000000000001,2.0385520792752523,False,False,False
DDO120,13.55,10.77,,7.06,16.2,23.49,8.15,8.01,6.624413718221288e-05,0.0082472460186304,185.31254,45.81134,0.011759956367313862,70.37845059215778,False,0.04264160178788006,0.0035985466483980416,13.507358398212121,10.766401453351602,2.780000000000001,2.7409569448605193,False,False,False
DDO168,12.97,11.11,,4.33,14.66,17.31,8.55,8.35,0.0073877780321172,0.0128137232690259,198.616656,45.919762,0.015147904865443707,70.66070768473136,False,0.054926303042098876,0.004635258888825774,12.915073696957903,11.105364741111174,1.8600000000000012,1.8097089558467285,False,False,False
NGC4248,13.14,10.59,,7.4,16.99,18.01,8.9,7.79,0.0113240423587317,0.0043768633456677,184.45767910452,47.40919033134,0.01944931223988533,68.67619122912653,False,0.0705232061818242,0.005951489545404911,13.069476793818176,10.584048510454595,2.5500000000000007,2.4854282833635803,False,False,False
DDO169,14.46,12.17,,4.41,15.79,18.81,8.22,7.75,0.0019249312572785,0.0046943636226991,198.873972,47.499636,0.009392299689352512,69.09064595742672,False,0.03405647867359221,0.002874043704941869,14.425943521326408,12.167125956295058,2.290000000000001,2.2588175650313502,False,False,False
KKH38,17.4,14.68,C,19.3,,,8.83,8.74,,,101.97867,47.51389,0.09243036061525345,19.088045536184165,False,0.335152487590909,0.028283690348267554,17.064847512409088,14.651716309651732,2.719999999999999,2.4131312027573557,False,False,False
UGC07639,14.13,11.73,C,7.14,16.25,20.46,8.11,7.62,0.0011039120380561,0.0080555643522469,187.4725,47.53111,0.011711870320141315,69.16532181472293,False,0.04246724178083241,0.0035838323179632424,14.087532758219169,11.726416167682038,2.4000000000000004,2.361116590537131,False,False,False
UGC02773,15.0,9.77,,5.4,,15.94,8.94,8.23,0.0405812635664333,,53.03050416666667,47.79405277777778,0.5675297975540161,-6.840124680386737,True,2.0578630459308624,0.17366411805152893,12.942136954069138,9.596335881948471,5.23,3.3458010721206666,True,True,False
NGC5229,14.33,11.67,,8.0,15.88,17.51,9.41,8.47,0.0209757751883069,0.0142193427180389,203.5117958333333,47.91546666666666,0.017985546961426735,67.61195229285823,False,0.06521559328213333,0.005503577370196581,14.264784406717867,11.664496422629803,2.66,2.600287984088064,False,False,False
NGC0185,9.99,6.56,,0.61,,20.17,8.14,5.02,1.0524408962858605e-05,,9.74141667751,48.33750996518,0.18405278027057648,-14.482402856898105,False,0.6673753812611103,0.0563201507627964,9.32262461873889,6.503679849237203,3.4300000000000006,2.8189447695016874,False,False,False
UGCA281,15.14,12.51,,5.68,15.29,15.85,8.15,7.76,0.0487792049150779,0.0123423034330446,186.56539,48.49397999999999,0.014716359786689281,68.0819629890868,False,0.05336152058653533,0.00450320609472692,15.086638479413466,12.505496793905273,2.630000000000001,2.581141685508193,False,False,False
UGC03501,16.7,13.89,C,15.5,17.99,,8.62,8.31,,0.0076447439546559,99.65945833333332,49.25886111111111,0.11574221402406693,18.243713831250982,False,0.41968126805126665,0.03541711749136448,16.280318731948732,13.854582882508636,2.8099999999999987,2.4257358494400965,False,False,False
UGC04932,15.17,13.15,,20.6,17.06,,9.5,8.72,,0.0318005029368377,139.89450876673,51.10811379294,0.017589878290891647,43.746008694623775,False,0.0637808986827731,0.005382502757012844,15.106219101317226,13.144617497242988,2.0199999999999996,1.9616016040742377,False,False,False
NGC4707,13.43,11.73,,5.8,15.16,17.66,8.9,7.95,0.0096027148518503,0.0145062625977178,192.090277,51.164946,0.011093189008533955,65.95623298057804,False,0.04022390334494412,0.0033945158366113903,13.389776096655055,11.72660548416339,1.6999999999999993,1.6631706124916654,False,False,False
UGC07267,14.79,11.94,C,12.9,16.5,18.79,9.4,8.58,0.0167771221432274,0.0208871395545873,183.848551,51.349897,0.02437656745314598,64.83744518382815,False,0.08838943358510733,0.00745922964066267,14.701610566414892,11.932540770359337,2.8499999999999996,2.7690697960555557,False,False,False
UGC05047,16.0,13.0,C,19.68,,,9.35,8.12,,,142.206875,51.5605,0.01468812208622694,45.06890215471611,False,0.05325913068465888,0.0044945653583854436,15.946740869315342,12.995505434641615,3.0,2.951235434673727,False,False,False
UGC07950,14.6,12.12,,8.9,15.35,18.36,8.65,8.05,0.0118663747348928,0.0286734242878845,191.7351083333333,51.61300000000001,0.015088560990989208,65.50054586468505,False,0.054711122153326866,0.004617099663242697,14.545288877846673,12.115382900336757,2.4800000000000004,2.4299059775099163,False,False,False
NGC5238,13.55,11.5,,4.51,15.3,17.01,8.28,7.42,0.0105655261564069,0.0077099689951883,203.6771445617,51.61365787936,0.009926886297762394,64.19042225403119,False,0.03599488971568644,0.0030376272071152926,13.514005110284314,11.496962372792884,2.0500000000000007,2.0170427374914297,False,False,False
NGC4068,13.19,10.76,C,4.31,14.46,16.61,8.41,8.06,0.0139473784760804,0.0152634984932321,181.013605,52.590569,0.021674523130059242,63.04384800960007,False,0.0785918208695948,0.006632404077798128,13.111408179130406,10.753367595922201,2.4299999999999997,2.3580405832082043,False,False,False
DDO092,15.6,13.2,C,9.9,16.05,,8.5,8.32,,0.0186195824268939,168.357546,53.594358,0.011181902140378952,57.955012740863715,False,0.040545577161014076,0.0034216620549559593,15.559454422838986,13.196578337945043,2.4000000000000004,2.3628760848939425,False,False,False
NGC5474,11.48,9.48,,7.2,13.0,15.47,9.12,9.04,0.1112251598606855,0.163442328423817,211.2567,53.66220833333333,0.010532130487263203,60.19443877351903,False,0.03818950514681637,0.00322283192910254,11.441810494853184,9.476777168070898,2.0,1.9650333267822866,False,False,False
HolmIV,13.76,11.04,,7.21,,17.35,9.08,8.35,0.0197427922344504,,208.69083,53.90331,0.014594824984669685,60.796625547853814,False,0.05292083539441228,0.004466016445308924,13.707079164605588,11.035533983554691,2.7200000000000006,2.671545181050897,False,False,False
KDG192,16.6,14.2,C,7.45,17.47,,8.52,7.88,,0.0028510976578171,190.936721,53.958793,0.01431167870759964,63.13205773461621,False,0.051894146993756295,0.00437937368452549,16.548105853006245,14.195620626315474,2.400000000000002,2.3524852266907708,False,False,False
NGC5477,14.19,11.79,C,7.7,14.97,17.04,8.71,8.71,0.0299584607723379,0.0304565704485345,211.388824,54.460515,0.010930671356618404,59.490116229753276,False,0.03963461433909833,0.0033447854351252317,14.150365385660901,11.786655214564874,2.4000000000000004,2.3637101710960273,False,False,False
NGC3738,11.87,9.61,,4.9,13.87,15.88,9.06,8.0,0.0353126415326245,0.0339696997206211,173.954091,54.523528,0.010314789600670338,59.31540901367875,False,0.03740142709203064,0.0031563256178051232,11.832598572907969,9.606843674382194,2.26,2.225754898525775,False,False,False
KKH11,16.2,11.74,,3.0,,19.11,8.61,7.66,0.0006757414434931,,36.14171,56.0113,0.4860645532608032,-4.527476639687639,True,1.7624700701236724,0.14873575329780578,14.437529929876327,11.591264246702194,4.459999999999999,2.846265683174133,True,True,False
Cepheus1,15.4,9.05,C,6.0,,19.31,9.46,9.05,0.0022482290053207,,312.79417,56.89028,0.9166582822799683,8.010155732653597,True,3.323802931547165,0.2804974343776703,12.076197068452835,8.76950256562233,6.35,3.3066945028305046,True,True,False
DDO194,14.52,11.87,C,8.02,16.81,21.03,8.94,8.11,0.0008239232957052,0.0060680378963789,218.85032,57.255901,0.011893322691321373,54.70858206418119,False,0.043125188078731294,0.00363935674354434,14.476874811921268,11.866360643256455,2.6500000000000004,2.610514168664814,False,False,False
KKR59,15.7,9.57,C,5.89,,18.25,9.07,,0.0057513346092745,,315.85083,57.28722,0.8760731220245361,6.993904511076791,True,3.176641140460968,0.26807837533950807,12.523358859539032,9.301921624660492,6.129999999999999,3.2214372348785396,True,True,False
KKH12,17.8,11.79,,3.0,,19.13,8.14,7.23,0.0006634077721627,,36.86209,57.48786,0.8060926198959351,-3.007346754266623,True,2.9228918397426606,0.24666434168815612,14.87710816025734,11.543335658311843,6.010000000000002,3.3337725019454965,True,True,False
DDO123,14.5,11.85,C,10.5,,,9.19,8.88,,,186.53278,58.317204,0.011500874534249306,58.49749470172466,False,0.04170217106118798,0.0035192676074802874,14.458297828938813,11.84648073239252,2.6500000000000004,2.611817096546293,False,False,False
NGC5204,11.73,9.51,,4.66,13.02,15.01,9.49,8.6,0.0711721161998751,0.0672158014321489,202.40211666666664,58.41873055555556,0.012510959059000015,58.00513548747067,False,0.045364737547934054,0.0038283534720540044,11.684635262452066,9.506171646527946,2.2200000000000006,2.1784636159241195,False,False,False
Dw2,17.97,10.22,,3.0,,20.16,8.75,8.01,0.0002569097314704,,43.53528,59.0053,1.1798110008239746,-0.18902545321687428,True,4.277994688987731,0.36102216625213623,13.692005311012267,9.858977833747865,7.749999999999998,3.8330274772644017,True,True,False
IC0010,11.78,6.51,,0.66,,12.38,8.9,8.0,0.0160925888950979,,5.07223,59.3037911111111,1.5675846338272095,-3.3274638101592386,True,5.684061882257462,0.4796808979511261,6.095938117742538,6.030319102048874,5.27,0.06561901569366402,True,True,True
MB1,17.8,10.46,,3.0,,19.79,8.04,7.27,0.0003612272918588,,38.90125,59.37847,0.9725320339202881,-0.854133138832463,True,3.5264011549949643,0.29759480237960817,14.273598845005036,10.162405197620393,7.34,4.111193647384644,True,True,False
KK251,16.5,12.98,C,5.89,,20.13,8.32,8.05,0.0010180488914157,,,,,,False,,,,,3.5199999999999996,,False,False,False
UGC11583,15.9,12.3,C,5.89,,20.2,8.98,8.27,0.0009544839617844,,307.56375,60.44028000000001,0.3064304292201996,12.306201379738125,False,1.1111167363524437,0.09376771134138107,14.788883263647557,12.206232288658619,3.5999999999999996,2.5826509749889386,False,True,False
KK252,16.7,12.57,C,5.89,,20.85,8.73,7.04,0.0005245279504421,,,,,,False,,,,,4.129999999999999,,False,False,False
UGCA092,15.22,11.0,,3.01,,17.11,8.41,8.17,0.0042921119096464,,68.0159858,63.61423419999999,0.7855365872383118,10.515656949882603,False,2.8483556653261184,0.2403741956949234,12.371644334673881,10.759625804305077,4.220000000000001,1.612018530368804,False,True,False
NGC1569,11.79,7.5,,3.06,15.6,12.84,9.23,8.27,0.2264544705466828,0.0026924174758233,67.70494166666667,64.84792222222222,0.6938959360122681,11.241802907072387,False,2.516066663980484,0.21233215641975403,9.273933336019516,7.2876678435802456,4.289999999999999,1.9862654924392702,False,True,False
DDO087,15.15,11.86,,7.45,16.48,19.41,9.15,8.24,0.0031611899404316,0.007095975270796,162.401718,65.533631,0.010840735398232937,47.11911447640844,False,0.03930850655399263,0.0033172650318592785,15.110691493446009,11.85668273496814,3.290000000000001,3.254008758477868,False,False,False
UGC07242,14.6,12.18,C,5.42,16.2,19.42,8.26,7.68,0.0016578171147467,0.0048606922040481,183.535,66.09472,0.018710123375058174,50.60137193338477,False,0.06784290735796093,0.005725297752767801,14.53215709264204,12.174274702247232,2.42,2.357882390394808,False,False,False
UGC09992,15.4,12.9,C,7.3,16.62,19.06,8.35,8.02,0.0041897080960328,0.0059888752689177,235.44939,67.25426,0.036615002900362015,42.36561356791972,False,0.13276600051671267,0.011204190887510776,15.267233999483288,12.888795809112489,2.5,2.378438190370799,False,False,False
DDO165,13.31,11.14,,4.57,14.7,18.74,8.41,8.04,0.0022048063239461,0.0137572600897358,196.60354,67.70694,0.023750342428684235,49.35788541974029,False,0.08611874164640904,0.007267604783177376,13.223881258353591,11.132732395216824,2.17,2.091148863136768,False,False,False
NGC2976,11.01,7.53,,3.56,13.77,14.45,9.15,8.03,0.0695725692434632,0.0196607256852813,146.81440833333332,67.91638055555556,0.07124429196119308,40.90250955194637,False,0.25833180265128614,0.021800753340125083,10.751668197348714,7.508199246659875,3.4799999999999995,3.243468950688839,False,False,False
UGC04998,15.0,11.11,,8.24,18.44,19.54,9.01,7.04,0.0034307768361205,0.0014274272102845,141.29548024393,68.38310218096,0.057585231959819794,38.88291371965623,False,0.20880405108630656,0.017621080979704856,14.791195948913693,11.092378919020295,3.8900000000000006,3.698817029893398,False,False,False
NGC3077,10.62,7.32,,3.82,14.19,14.55,9.33,8.79,0.0730574940858284,0.0153753947119953,150.8295689628838,68.7337656017127,0.06695523113012314,41.65996063652871,False,0.2427796680778265,0.02048830072581768,10.377220331922173,7.299511699274182,3.299999999999999,3.0777086326479903,False,False,False
Cas1,15.29,9.34,,3.3,,17.16,8.73,8.11,0.0049268112622624,,31.51428,68.99876,1.0187227725982666,7.093571706191276,True,3.6938887734413144,0.3117291684150696,11.596111226558685,9.02827083158493,5.949999999999999,2.5678403949737554,True,True,False
HolmIX,14.53,11.86,C,3.61,15.63,19.04,8.53,8.4,0.0010436441655998,0.0036451378058954,149.3869298,69.0474263,0.07867118716239929,41.055659907180654,False,0.2852617246508598,0.02407338327169418,14.244738275349139,11.835926616728305,2.67,2.4088116586208344,False,False,False
NGC2366,11.68,9.14,C,3.19,12.74,13.89,9.16,8.61,0.0935662904906894,0.0407643868120259,112.2185538,69.2107941,0.036491747945547104,28.533033744318484,False,0.1323190780505538,0.011166474871337413,11.547680921949446,9.128833525128663,2.539999999999999,2.4188473968207838,False,False,False
A0952+69,16.8,14.11,C,3.87,18.02,20.0,8.05,7.0,0.0004954045326459,0.0004635765700552,,,,,False,,,,,2.6900000000000013,,False,False,False
UGC05423,14.42,11.99,,8.71,17.23,18.35,8.18,7.84,0.0114702888799282,0.004861114580155,151.376876,70.36428480555556,0.08127152174711227,40.8073887054244,False,0.2946905378550291,0.024869085654616357,14.12530946214497,11.965130914345384,2.4299999999999997,2.160178547799587,False,False,False
HolmII,11.1,8.0,,3.39,12.55,14.47,9.4,8.61,0.0619351854272382,0.054840189173411,124.77006,70.71992,0.03183639794588089,32.68823744244739,False,0.1154387789517641,0.009741937771439552,10.984561221048235,7.990258062228561,3.0999999999999996,2.9943031588196742,False,False,False
CamA,14.84,11.64,C,3.93,20.08,19.35,8.18,8.22,0.0009296578621871,7.169430326667786e-05,66.33621,72.80813,0.220109224319458,16.203695163105042,False,0.7981160473823548,0.06735342264175415,14.041883952617646,11.572646577358247,3.1999999999999993,2.4692373752593983,False,False,False
