name,bmag,ks_mag,ks_mag_flag,distance,fuv_mag,halpha_mag,log_mass_26,log_h1_mass,ha_sfr,fuv_sfr
IC3104,13.65,9.26,,2.27,,17.43,8.0,6.9,0.0018179827586133855,
NGC2915,13.2,9.7,,3.78,15.65,15.99,9.21,8.54,0.018989854860289517,0.003923585740476334
SMC,2.7,0.16,C,0.06,,7.97,9.25,8.65,0.007723969434769828,
LMC,0.91,-1.75,C,0.05,,3.79,9.44,8.66,0.2520449814197988,
ESO059-001,13.98,11.25,,4.57,,17.89,9.09,7.98,0.004823590663770649,
IC4710,12.51,9.56,C,7.94,14.18,15.53,8.96,8.66,0.12799088752906784,0.06704101064682823
IC4870,14.5,12.11,,7.3,15.53,17.04,8.8,8.49,0.026926739324639716,0.016343507552885078
NGC6684,11.31,7.05,,8.7,,,9.47,7.41,,
ESO104-022,15.63,12.95,C,6.7,17.55,,8.03,8.28,,0.002142146424060375
IC4662,11.74,8.53,,2.44,13.02,13.81,8.62,8.2,0.058927456838116773,0.01842804230168367
ESO104-044,14.96,12.46,C,8.3,17.57,20.36,8.81,8.33,0.0016356645095330833,0.0032274218327991095
HIPASS J1441-62,20.5,12.93,C,6.02,,,8.15,7.54,,
IC4951,13.97,10.98,C,9.8,15.55,17.48,9.47,8.75,0.03235863528834939,0.028916897742304486
ESO115-021,13.34,9.97,,4.99,14.83,16.63,9.5,8.56,0.018354355408476564,0.014551261285823677
FG202,14.95,12.13,C,4.9,,18.03,8.48,8.27,0.004874501471319722,
ESO121-020,15.27,12.76,C,6.05,17.02,,8.08,7.94,,0.0028458388059854254
NGC1705,12.77,10.52,,5.11,13.4,15.11,9.21,7.96,0.07805124699771433,0.05695624481732493
ESO174-001,14.2,11.5,,3.6,,,8.64,8.17,,
ESO149-003,15.05,12.65,C,5.9,15.78,18.65,8.28,7.75,0.003992473746795341,0.008480150719146514
NGC1311,13.4,10.92,,5.2,15.02,16.46,9.02,7.99,0.02331013201006631,0.013264968869230656
IC5152,11.03,7.97,,1.97,12.54,15.91,8.94,8.02,0.005552268988969993,0.018690976874440043
IC1959,13.2,11.04,,6.05,14.47,16.39,9.41,8.36,0.03365493801835141,0.029799590568984458
ESO199-007,16.44,14.01,C,6.56,17.8,,8.1,7.32,,0.0016312000518745532
ESO238-005,14.7,12.28,C,7.8,16.56,19.06,9.18,8.33,0.004783295938499458,0.007225846860703245
ESO223-009,13.82,9.44,,6.49,,15.91,9.43,8.81,0.06025976578688319,
ESO215-009,16.03,12.6,,5.25,19.21,,8.63,8.82,,0.0002851137449993307
RKK1610,16.9,12.63,C,14.9,,,9.12,8.67,,
ESO269-058,13.29,9.04,,3.8,16.65,20.69,8.77,7.38,0.0002529910974579752,0.001578580526695771
AM2220-460,16.37,13.97,C,8.8,17.37,,8.76,7.45,,0.0043617914025948674
ESO272-025,14.79,12.27,,5.88,,18.73,8.04,7.09,0.0036837716214917888,
ESO245-005,12.7,10.26,,4.43,13.77,16.18,9.18,8.58,0.02189502766151313,0.030444370620903157
NGC5237,13.23,9.85,,3.4,16.37,17.3,8.89,7.5,0.004597226271142879,0.0016355257341540215
HIPASS J0457-42,14.46,12.06,C,7.2,,18.69,8.36,8.13,0.005730638835841039,
ESO325-011,14.02,11.32,,3.4,,16.39,8.4,7.87,0.010629084993979711,
ESO324-024,12.91,10.35,,3.73,15.32,16.54,9.06,8.16,0.011141809003594438,0.005177465473653595
NGC0625,11.59,8.9,,3.89,13.9,14.69,9.01,7.97,0.06659432916143526,0.020825658881062956
NGC5408,12.2,10.5,,4.81,,14.68,8.64,8.39,0.10276097080911267,
KK55,16.05,13.4,C,7.65,,,8.06,7.86,,
ESO300-016,15.57,13.15,C,8.8,17.44,20.51,8.12,7.86,0.001601413148758548,0.004089449901208872
ESO320-014,15.85,12.9,,6.08,18.79,,8.03,7.33,,0.0005629978111393755
ESO318-013,14.97,12.07,C,6.5,16.91,,8.29,8.01,,0.003635182852700249
ESO348-009,14.81,12.41,C,11.5,16.37,19.29,9.07,8.64,0.008412667541591742,0.018710923731995618
ESO347-017,14.69,11.78,C,7.6,15.75,17.69,8.67,8.15,0.016038554724576413,0.014465276263585925
ESO383-087,11.0,8.2,,3.45,13.69,15.21,8.36,7.88,0.03244712604790233,0.01987640045368205
HIPASS J0905-36,17.4,13.38,C,7.93,23.0,,8.53,7.96,,1.9826493978971622e-05
HIPASS J0607-34,14.09,11.5,,7.4,,18.01,9.07,8.09,0.011324042358731723,
NGC2188,12.14,9.5,,7.4,,15.66,9.45,8.61,0.09862828585575692,
ESO381-020,14.44,12.11,,5.45,15.6,17.04,8.79,8.37,0.01500828438337608,0.008540682010726976
ESO373-007,16.4,13.52,C,8.3,19.48,,8.16,7.69,,0.0005557196232120584
ESO364-029,13.67,10.27,,7.59,,17.13,9.23,8.38,0.026793015636859954,
NGC5398,12.78,10.34,,8.1,14.93,,9.38,8.46,,0.034967902744354254
UGCA442,13.6,11.42,,4.27,14.97,17.51,9.16,8.2,0.005975768928607536,0.009366024680908849
NGC1800,13.13,10.21,,8.0,14.73,16.49,8.7,8.13,0.053668322363708026,0.041009032352578384
KK246,17.06,13.3,,7.83,19.96,,8.17,8.07,,0.0003178506266183289
NGC5253,10.87,8.29,,3.56,12.82,13.21,8.91,7.94,0.21799073801450122,0.04716279598566525
NGC5264,12.6,9.5,,4.53,15.34,17.13,8.1,7.65,0.009544088324080113,0.007497145714177764
HIZSS021,17.5,11.13,C,3.0,,,8.6,7.66,,
CGMW2-3473,15.22,11.93,C,7.4,,,8.32,7.78,,
ESO409-015,15.15,12.74,C,7.7,16.08,17.21,8.2,7.99,0.02561648257568776,0.01095673096998427
ESO444-084,15.06,12.6,,4.61,16.56,18.61,8.4,7.9,0.0025289479826689333,0.0025240700208473276
NGC1592,14.45,12.66,,9.1,14.36,,8.68,7.99,,0.07460747335197229
MCG -04-31-038,15.09,10.8,,7.8,16.79,,8.43,7.98,,0.005846403063085953
NGC3037,13.64,11.12,,8.1,15.9,16.76,9.38,8.31,0.042905017506650524,0.014310986946529342
ESO499-038,15.68,13.06,C,15.3,16.81,,8.77,8.73,,0.022084237522828763
ESO496-010,14.83,11.9,,7.8,17.76,,8.47,7.68,,0.0023927027746461237
NGC3109,10.39,7.5,,1.32,11.98,14.11,9.37,8.37,0.013082354346026687,0.014055535948391502
ESO490-017,14.01,12.0,,4.23,,17.26,8.05,7.55,0.007382760509520622,
ESO486-021,14.37,11.43,,10.0,15.55,17.58,8.9,8.47,0.030728265441211315,0.030109222971995503
ESO501-023,13.2,10.34,C,7.0,14.72,,9.22,8.53,,0.03168805825930516
ESO497-004,16.36,12.79,C,19.0,19.16,20.76,9.18,8.69,0.005929871026676974,0.003910270033589539
ESO495-008,16.06,13.21,C,17.3,,19.66,8.9,8.26,0.013540361273485142,
ESO483-013,14.06,10.84,,7.4,16.21,17.84,8.68,7.63,0.01324346064241996,0.00897765655652169
DDO056,15.63,12.6,C,9.8,,19.46,8.97,7.86,0.005223843976497436,
ESO473-024,16.38,13.96,C,9.9,16.92,19.06,8.4,8.18,0.0077056350251862565,0.008355451776548586
ESO558-011,14.43,10.2,C,8.4,,18.42,9.48,8.07,0.010002224956400152,
NGC0059,12.97,10.1,,5.3,16.25,17.26,8.25,7.4,0.011590169436616435,0.004438653945001866
PGC170257,15.33,12.6,,6.5,17.55,,8.26,7.16,,0.002016165881411247
ESO553-046,14.6,12.0,,5.07,15.48,16.16,8.37,7.21,0.029211507130588243,0.008254969376484525
HIZSS014,18.4,10.82,C,7.35,,,8.38,7.92,,
ESO572-034,14.27,11.5,,8.5,,,8.56,8.12,,
KKSG9,16.4,11.66,,10.0,,19.6,9.42,8.64,0.0047812124945362565,
IC2171,15.17,10.81,C,9.9,,17.67,9.29,8.38,0.027720970772635637,
UGCA319,15.08,12.07,,7.3,17.25,21.08,8.94,7.97,0.000651904180388461,0.0033523184561827933
MCG -03-34-002,14.79,12.55,,7.9,16.77,,8.44,7.72,,0.00610876938813331
WLM,11.03,9.0,,0.97,12.8,15.56,8.27,7.83,0.0018581531858008235,0.003566506471242859
NGC6822,9.31,6.0,,0.5,12.04,12.71,9.22,8.15,0.006815191356417208,0.0019082688299587932
DDO153,14.59,12.03,C,8.0,15.9,17.36,8.77,8.54,0.02408341224615915,0.013959810464530986
NGC4700,12.63,10.49,,7.3,14.26,17.72,9.46,8.43,0.014394075157725266,0.05264356211870312
LV J1235-1104,15.7,13.18,C,10.0,16.81,,8.55,7.44,,0.00943407985083889
MCG-02-33-075,14.7,11.8,,8.7,,,8.73,7.57,,
KKSG17,15.41,12.82,C,9.7,18.43,21.66,8.35,7.72,0.000674654644165433,0.001996379108059696
MCG -01-26-009,16.1,13.61,C,9.7,17.97,19.6,8.21,7.71,0.004498642836109163,0.003049600964847597
KKSG15,15.14,12.63,C,9.7,18.0,20.77,8.33,7.77,0.001531374863951303,0.002966490872183051
DDO148,13.7,10.99,C,9.0,17.36,,8.65,7.82,,0.0046045221524302505
SexA,11.86,10.18,,1.32,12.91,15.53,8.4,7.82,0.003537414145617443,0.005968255545437677
UGC06145,16.45,13.88,C,10.7,18.44,21.76,8.2,7.97,0.0007486961521622312,0.002406950191250966
KDG155,16.4,13.96,C,8.11,20.48,,8.26,7.65,,0.00021122302414211988
CGCG 014-054,15.6,13.18,C,9.6,17.81,,8.2,7.7,,0.0034613220890356913
UGC05797,14.28,11.81,,7.0,17.12,19.33,8.59,7.65,0.0030042365519212704,0.003474526495944329
UGC07512,15.2,12.78,C,10.6,17.4,,8.66,8.26,,0.006156179556554543
NGC4765,13.37,10.82,,9.7,15.04,,9.09,8.43,,0.04531510768419859
CGCG 035-007,15.22,12.68,C,13.0,17.49,19.43,8.99,8.17,0.009449846420177536,0.008522877619818394
KK49,16.1,10.39,,5.15,,16.68,8.48,7.73,0.018670351908705286,
IC3591,14.39,11.6,,9.8,16.09,16.79,8.88,8.24,0.06109282349296567,0.01758537764549299
AGC191803,16.5,14.05,C,14.9,18.56,,8.39,7.97,,0.004178997243258541
UGC05288,14.62,11.49,,6.85,15.99,17.53,8.87,8.28,0.015097991924440678,0.009420646134827362
LeG03,17.3,14.6,C,10.4,,,8.49,7.69,,
VCC1725,14.89,11.74,,8.5,15.95,,8.63,7.6,,0.015050031165283832
IC0559,14.98,12.52,C,9.4,16.68,19.04,8.81,8.0,0.007076096597816446,0.00939626496702876
UGC06014,15.0,12.49,C,10.4,17.27,,8.94,7.8,,0.0066798425584532264
UGC05456,13.84,11.63,,5.6,15.31,17.16,8.39,7.71,0.014187768703815438,0.011778109886301909
AGC202248,17.5,15.08,C,10.4,19.16,,8.23,7.18,,0.0011715645618643894
CGCG 066-109,16.2,13.8,C,10.4,17.73,20.03,8.04,7.65,0.0034802041803985388,0.004372866575837603
UGC08061,15.97,13.5,C,6.49,18.0,20.49,8.38,7.32,0.000887212065616961,0.0013279720712662062
IC3718,14.0,11.91,,6.8,18.39,19.88,8.77,7.13,0.001708267471325374,0.0010179287327797097
UGC05812,15.5,12.81,C,10.4,17.89,,8.53,7.6,,0.0037736900471950275
IC3583,13.31,11.2,,7.6,15.43,,9.25,7.83,,0.019423466119922263
IC2787,15.7,13.23,C,10.3,,25.36,8.98,7.27,2.5189090988004754e-05,
AGC205268,17.4,14.93,C,10.4,20.27,,8.18,8.03,,0.0004214695722227435
DDO088,14.4,11.91,C,7.73,16.59,18.89,9.15,7.87,0.005494105992532615,0.006903328429455456
IC3023,15.35,12.85,C,7.7,16.78,,8.17,7.57,,0.005750174152997505
UGC04115,15.23,12.13,,7.73,15.82,17.89,8.84,8.34,0.013800570295918163,0.014030027932399127
IC3077,15.01,12.69,,9.1,20.3,,8.54,6.97,,0.00031389350715657475
LSBC D634-03,17.5,15.0,C,9.55,21.1,24.86,8.32,6.7,3.431980320906766e-05,0.00016546505614119177
DDO013,14.37,11.76,C,9.04,15.97,17.66,8.68,8.66,0.023327860345926692,0.01671230714921321
UGC00685,14.22,11.64,C,4.51,16.51,17.97,8.69,7.74,0.004364064186115603,0.0025296045373693803
UGC01056,14.81,12.0,,7.3,17.24,18.17,8.03,7.64,0.009510071146837993,0.0033833370769506023
DDO047,13.62,11.0,,8.05,15.04,17.79,9.4,8.81,0.01641080203177269,0.03120982320868616
UGC02684,16.29,13.46,,6.49,17.83,20.28,8.79,7.92,0.0010765332284176125,0.0015530625286372174
UGC02716,14.64,11.5,,6.4,17.07,18.81,8.21,7.68,0.0040541330154683945,0.0030413016376320524
UGC01104,14.48,11.81,,7.55,16.12,18.25,8.9,8.02,0.009450003057329268,0.01015297813921708
UGC06881,15.9,13.41,C,16.4,17.66,,9.14,8.27,,0.011598110547806724
LSBC D564-08,17.9,15.44,C,8.67,18.99,24.61,8.16,7.52,3.561034987748741e-05,0.0009522209731111167
UGC05672,14.65,11.55,,11.4,17.38,19.06,9.19,8.31,0.010217572981055053,0.007252859265677989
NGC4455,12.93,10.55,,8.4,14.6,16.54,9.32,8.62,0.05650626708260849,0.05096336783522017
UGC1561,14.51,11.83,C,7.2,17.19,,8.63,7.63,,0.003446390946051008
UGC08030,16.6,14.21,C,15.3,18.32,,8.57,7.89,,0.005496451617737904
UGCA298,15.25,12.43,,11.0,17.85,,8.74,7.29,,0.00438010899991671
IC3308,15.41,12.51,C,12.8,,19.11,9.31,8.57,0.012301497566879092,
AGC749236,17.3,14.86,C,19.5,,,8.35,8.3,,
DDO154,14.1,12.33,,4.04,14.88,18.19,8.79,8.28,0.0028595702882756725,0.009108823314149726
IC3341,16.4,13.98,C,14.0,,,8.48,7.92,,
NGC0855,13.3,9.83,,9.73,16.52,16.7,9.24,8.45,0.06542801224593078,0.01166608747018668
UGC07990,16.2,13.51,C,20.4,,21.38,9.19,8.4,0.003861876494350236,
UGCA294,14.82,12.41,C,9.9,15.99,,8.47,8.09,,0.01967750072298854
DDO068,14.77,12.82,,9.8,15.22,18.16,8.83,8.73,0.017297773143876725,0.039187873658408756
NGC0784,12.22,10.29,,4.97,14.42,16.24,9.23,8.46,0.026076591473821374,0.021057767451010165
UGC05427,14.89,12.2,,7.11,16.4,18.94,8.75,7.47,0.0044389192758440945,0.006957268259669065
KISSB023,16.32,13.9,C,19.8,17.01,,8.78,8.28,,0.030763088038114086
DDO131,15.28,12.86,C,8.1,16.5,,8.66,8.06,,0.008235113431743744
KK127,15.6,13.99,,17.3,17.44,,8.83,8.34,,0.015804900063698387
UGC12713,14.81,11.5,,12.2,16.95,18.43,9.21,8.42,0.020905362715034778,0.012342956805774146
IC2992,15.02,12.44,,12.7,16.71,18.81,8.52,7.73,0.015964138526975032,0.016684261562246543
UGC07131,16.8,13.95,C,16.8,17.26,,9.39,8.59,,0.017592117265500893
KUG 1157+315,15.05,12.88,,23.2,16.67,,9.33,8.48,,0.05776642852360986
DDO064,14.46,12.45,,7.11,15.13,17.31,8.84,8.24,0.019919445613203596,0.022409839663806608
DDO133,13.53,11.12,C,4.85,14.85,16.93,8.48,8.2,0.013152900143113969,0.013495314967925378
DDO083,15.41,13.41,,10.9,16.41,18.74,9.2,8.56,0.012542700197177958,0.016201399968974416
NGC4509,14.1,11.5,,10.1,15.22,,8.39,7.98,,0.04162385455949892
UGC05209,16.06,13.64,C,6.56,18.23,21.29,8.29,7.15,0.0004338561164970821,0.00109775955664135
UGC01281,12.87,10.5,,4.94,15.47,17.52,9.42,8.22,0.007924866292915089,0.007909580412982701
FGC1497,16.8,14.13,C,23.4,18.79,,9.1,8.26,,0.008339331973561839
UGC03476,15.98,12.7,C,7.01,,18.22,8.74,8.15,0.008374793006128691,
d0226+3325,17.5,14.86,C,9.3,,25.32,8.85,8.0,2.130609910796648e-05,
DDO025,13.96,10.98,C,9.3,15.9,17.5,8.97,8.41,0.02860908334070809,0.01886537511058258
LV J0926+3343,17.8,15.13,C,19.7,18.14,,8.33,8.37,,0.010755534561397979
DDO143,16.0,13.58,C,9.1,15.9,17.73,8.45,8.43,0.022162606236169197,0.018062686008872047
DDO084,13.73,11.17,,8.11,14.17,16.56,9.44,8.79,0.05171062110397458,0.07058968700761221
NGC4861,12.9,10.46,C,7.3,13.6,14.49,9.24,8.59,0.2819575745275502,0.09668192036143866
UGC7257,14.36,12.25,,8.8,15.17,,8.98,8.32,,0.03308757144963549
DDO019,15.8,13.14,C,9.3,16.62,18.19,9.3,8.32,0.015153185608822848,0.00971998164775186
NGC4214,10.24,8.14,,2.94,11.68,13.28,9.16,8.48,0.13939034935947517,0.09191665444659322
NGC4190,13.5,10.79,,2.82,15.02,17.18,8.49,7.46,0.0035321266084706914,0.003901195948064713
DDO126,14.12,11.53,,4.88,15.18,17.48,8.43,8.02,0.008023755562378878,0.010081825862125035
DDO127,14.98,12.57,C,6.89,16.19,20.47,8.33,8.0,0.0010185362483453794,0.00792753177884673
IC4182,12.02,9.72,,4.7,13.47,16.03,9.01,8.36,0.028296567810725527,0.045174698601853115
IC3687,13.79,11.12,,4.57,14.79,16.88,8.68,7.9,0.012228422793527375,0.012662864158094332
DDO022,15.65,13.11,C,9.3,18.3,19.64,8.41,8.05,0.003985693908213646,0.0020685472470815917
KKH58,15.61,12.94,C,18.4,16.43,17.94,9.11,8.47,0.07467473529025935,0.045324726678260076
UGC7719,15.25,12.59,C,9.2,16.14,18.09,8.61,8.22,0.016259743881856126,0.014800459624918851
UGC03600,16.18,13.22,C,7.24,17.63,20.15,8.84,7.78,0.0015101329308542615,0.002323681927282051
UGC12894,16.8,14.02,C,8.47,17.57,19.91,8.17,7.92,0.00257813032009434,0.003360983407819098
DDO182,15.69,13.3,C,8.9,16.07,18.86,8.16,8.03,0.0074871762913348485,0.01477336953136435
UGC7678,14.5,12.48,,6.9,15.62,17.86,8.01,7.76,0.011304106154575418,0.013439952360254694
DDO046,14.4,12.2,,6.85,16.24,19.01,9.5,8.22,0.003862950905848912,0.007483085214239521
DDO024,13.68,10.86,C,9.8,,18.42,9.0,8.73,0.013614139523989096,
And IV,17.18,14.54,C,6.31,17.89,21.06,8.84,8.32,0.0004961314570942495,0.0013891791816579317
UGC00064,15.5,12.84,C,9.6,16.59,,8.65,8.58,,0.010647361852874333
NGC4625,13.03,9.75,,7.9,14.56,16.44,8.69,8.49,0.05480147254128512,0.04676853115958216
UGC12588,14.11,10.89,C,7.9,,17.01,9.41,8.16,0.032418448651744876,
NGC0205,8.72,5.59,,0.82,14.99,27.87,8.28,5.6,1.581851645171929e-08,0.00033909958056602883
DDO052,15.27,12.37,,10.28,17.01,19.93,8.94,8.32,0.003728415244965917,0.008292505670153645
KK149,15.01,12.56,C,8.9,17.47,19.83,8.29,7.77,0.0030642067085065966,0.004068923840830565
UGC07690,13.13,11.4,,11.2,14.92,17.13,9.3,8.64,0.05834102984628399,0.06747386582190311
DDO129,13.67,11.01,C,8.9,14.88,17.26,9.08,8.59,0.032682709899408614,0.044205831212246346
UGC02172,14.6,12.37,,9.3,,,8.62,7.87,,
DDO190,13.1,10.72,,2.74,14.92,17.67,8.47,7.5,0.0021234359776822706,0.004038319475801339
UGC09660,14.35,11.74,,7.4,15.99,18.46,8.42,7.9,0.007481720591374536,0.010994183650554563
UGC07320,15.4,13.0,C,9.2,18.39,,8.31,7.54,,0.0018632674728043818
UGC07827,15.96,13.54,C,8.5,16.94,18.16,8.14,8.09,0.013012954077937244,0.006046964225201147
NGC4460,12.26,9.06,,9.59,15.68,15.66,9.31,8.08,0.16564382864154192,0.024566130929766943
NGC3741,14.38,12.26,,3.03,15.33,17.39,8.37,7.88,0.0033606501407997397,0.0033852036840286296
DDO120,13.55,10.77,,7.06,16.2,23.49,8.15,8.01,6.624413718221288e-05,0.008247246018630463
DDO168,12.97,11.11,,4.33,14.66,17.31,8.55,8.35,0.0073877780321172214,0.012813723269025985
NGC4248,13.14,10.59,,7.4,16.99,18.01,8.9,7.79,0.011324042358731723,0.004376863345667775
DDO169,14.46,12.17,,4.41,15.79,18.81,8.22,7.75,0.0019249312572785862,0.004694363622699154
KKH38,17.4,14.68,C,19.3,,,8.83,8.74,,
UGC07639,14.13,11.73,C,7.14,16.25,20.46,8.11,7.62,0.0011039120380561902,0.00805556435224696
UGC02773,15.0,9.77,,5.4,,15.94,8.94,8.23,0.040581263566433365,
NGC5229,14.33,11.67,,8.0,15.88,17.51,9.41,8.47,0.020975775188306987,0.014219342718038973
NGC0185,9.99,6.56,,0.61,,20.17,8.14,5.02,1.0524408962858603e-05,
UGCA281,15.14,12.51,,5.68,15.29,15.85,8.15,7.76,0.04877920491507791,0.01234230343304463
UGC03501,16.7,13.89,C,15.5,17.99,,8.62,8.31,,0.007644743954655933
UGC04932,15.17,13.15,,20.6,17.06,,9.5,8.72,,0.03180050293683777
NGC4707,13.43,11.73,,5.8,15.16,17.66,8.9,7.95,0.009602714851850356,0.014506262597717813
UGC07267,14.79,11.94,C,12.9,16.5,18.79,9.4,8.58,0.016777122143227484,0.02088713955458736
UGC05047,16.0,13.0,C,19.68,,,9.35,8.12,,
UGC07950,14.6,12.12,,8.9,15.35,18.36,8.65,8.05,0.011866374734892828,0.028673424287884525
NGC5238,13.55,11.5,,4.51,15.3,17.01,8.28,7.42,0.01056552615640692,0.0077099689951883165
NGC4068,13.19,10.76,C,4.31,14.46,16.61,8.41,8.06,0.013947378476080482,0.015263498493232174
DDO092,15.6,13.2,C,9.9,16.05,,8.5,8.32,,0.018619582426893978
NGC5474,11.48,9.48,,7.2,13.0,15.47,9.12,9.04,0.11122515986068553,0.16344232842381703
HolmIV,13.76,11.04,,7.21,,17.35,9.08,8.35,0.019742792234450465,
KDG192,16.6,14.2,C,7.45,17.47,,8.52,7.88,,0.0028510976578171752
NGC5477,14.19,11.79,C,7.7,14.97,17.04,8.71,8.71,0.029958460772337946,0.03045657044853456
NGC3738,11.87,9.61,,4.9,13.87,15.88,9.06,8.0,0.0353126415326245,0.03396969972062115
KKH11,16.2,11.74,,3.0,,19.11,8.61,7.66,0.0006757414434931142,
Cepheus1,15.4,9.05,C,6.0,,19.31,9.46,9.05,0.0022482290053207703,
DDO194,14.52,11.87,C,8.02,16.81,21.03,8.94,8.11,0.0008239232957052919,0.006068037896378978
KKR59,15.7,9.57,C,5.89,,18.25,9.07,,0.005751334609274552,
KKH12,17.8,11.79,,3.0,,19.13,8.14,7.23,0.0006634077721627211,
DDO123,14.5,11.85,C,10.5,,,9.19,8.88,,
NGC5204,11.73,9.51,,4.66,13.02,15.01,9.49,8.6,0.07117211619987517,0.06721580143214893
Dw2,17.97,10.22,,3.0,,20.16,8.75,8.01,0.0002569097314704317,
IC0010,11.78,6.51,,0.66,,12.38,8.9,8.0,0.0160925888950979,
MB1,17.8,10.46,,3.0,,19.79,8.04,7.27,0.00036122729185888124,
KK251,16.5,12.98,C,5.89,,20.13,8.32,8.05,0.0010180488914157935,
UGC11583,15.9,12.3,C,5.89,,20.2,8.98,8.27,0.000954483961784454,
KK252,16.7,12.57,C,5.89,,20.85,8.73,7.04,0.0005245279504421166,
UGCA092,15.22,11.0,,3.01,,17.11,8.41,8.17,0.0042921119096464575,
NGC1569,11.79,7.5,,3.06,15.6,12.84,9.23,8.27,0.2264544705466828,0.002692417475823352
DDO087,15.15,11.86,,7.45,16.48,19.41,9.15,8.24,0.0031611899404316393,0.007095975270796016
UGC07242,14.6,12.18,C,5.42,16.2,19.42,8.26,7.68,0.001657817114746795,0.004860692204048181
UGC09992,15.4,12.9,C,7.3,16.62,19.06,8.35,8.02,0.004189708096032807,0.005988875268917754
DDO165,13.31,11.14,,4.57,14.7,18.74,8.41,8.04,0.002204806323946149,0.013757260089735867
NGC2976,11.01,7.53,,3.56,13.77,14.45,9.15,8.03,0.06957256924346326,0.019660725685281367
UGC04998,15.0,11.11,,8.24,18.44,19.54,9.01,7.04,0.0034307768361205816,0.0014274272102845803
NGC3077,10.62,7.32,,3.82,14.19,14.55,9.33,8.79,0.07305749408582846,0.015375394711995371
Cas1,15.29,9.34,,3.3,,17.16,8.73,8.11,0.004926811262262441,
HolmIX,14.53,11.86,C,3.61,15.63,19.04,8.53,8.4,0.001043644165599861,0.0036451378058954434
NGC2366,11.68,9.14,C,3.19,12.74,13.89,9.16,8.61,0.0935662904906894,0.04076438681202594
A0952+69,16.8,14.11,C,3.87,18.02,20.0,8.05,7.0,0.000495404532645914,0.0004635765700552374
UGC05423,14.42,11.99,,8.71,17.23,18.35,8.18,7.84,0.011470288879928224,0.004861114580155065
HolmII,11.1,8.0,,3.39,12.55,14.47,9.4,8.61,0.06193518542723821,0.05484018917341108
CamA,14.84,11.64,C,3.93,20.08,19.35,8.18,8.22,0.0009296578621871014,7.169430326667786e-05
